Id,Name,Gender,Age,Birthdate,Address
94e0b1b8-ce60-484b-a585-a68559e6968c,박서준,Female,35,1990-03-29,경기 수원시 73길 63
8469e7e8-b735-4036-84d0-d0e4b77ae814,강민수,Female,36,1989-09-27,서울 광진구 63길 41
af54c410-f9e4-4639-8e84-c5203e5f6f39,조지민,Female,37,1988-07-06,부산 남구 60길 85
1c68e10b-2a5b-434a-bd73-98a7142de129,윤지민,Male,29,1996-07-23,부산 서구 64길 95
d667e05e-1690-4033-8ff8-9751c5b28395,강민수,Male,28,1997-12-05,서울 중구 73길 32
0fdc9653-a584-4806-b337-4f3702b552e2,강재원,Male,29,1996-05-14,서울 서대문구 84길 22
7d81537f-42b5-4229-8711-1bf14bbea61c,조민준,Female,24,2001-10-15,경기 안양시 99길 89
13bb18a2-f3c9-47fb-973b-42c917983fd3,김재원,Female,27,1998-07-10,서울 강북구 37로 65
60ba4531-65b5-4e37-91a5-d5c2f5dec0c5,서민준,Male,31,1994-08-28,경기 구리시 79길 67
34645455-afbb-49b7-8b43-78680af44d5b,강준호,Female,29,1996-11-28,서울 도봉구 34로 19
bae86f05-bb31-47bf-a7d1-c5fe0c0a372b,최서현,Male,36,1989-04-28,부산 동래구 45로 37
a1399638-f435-4d48-b0c5-5ed1a678b5d5,조민재,Male,30,1995-10-12,부산 금정구 35로 94
88c70d79-8d55-43f1-a9d9-8b4ddfd3c1d2,최민수,Female,35,1990-04-30,경기 용인시 32로 57
8073ed85-c6e5-44f7-94d0-53d8c90fee0b,김서준,Male,25,2000-08-29,부산 부산진구 82길 31
84b0ad2d-33f0-4efd-b4c4-dd709833ce49,박민수,Female,33,1992-10-01,부산 부산진구 23로 79
d5ba9d7b-e55a-47fa-9097-edd227123910,서지민,Female,34,1991-09-02,부산 기장군 22로 32
b60c12b4-d462-4514-878a-c30f12f63b8a,임민재,Male,40,1985-01-26,부산 영도구 32로 53
5510c94d-2cc5-4630-ad56-3414014e070b,정서현,Female,27,1998-09-26,경기 안양시 93길 70
f5c1333f-7f8c-47f7-b609-33ca37f44cd1,강민재,Male,37,1988-07-28,서울 마포구 49로 53
aea78b00-7f7a-4b93-a118-caf80df6d3a8,서민수,Female,31,1994-01-31,부산 영도구 42로 53
75e3ddc5-51cf-4a8e-b260-3a08aab6a1e7,김현우,Female,29,1996-03-04,서울 강동구 51길 33
4d5c8217-8160-4259-b9bb-d3ca13611a2f,서준호,Male,21,2004-10-20,경기 과천시 75길 52
f58bfa0d-35a0-4740-994f-2702e3cb8704,이서준,Female,23,2002-08-18,서울 중구 55길 87
3bccde8a-837e-4ff5-90f4-2a272f5add16,김우성,Female,37,1988-05-02,서울 은평구 39로 21
bccf8b6b-1a9b-4b0b-b079-d89c871b7e2d,강지민,Male,32,1993-01-23,서울 은평구 54길 55
e7a5d722-928e-4dd9-8d59-d42d84d83a26,박우성,Male,27,1998-12-19,부산 북구 17로 21
17c1ba74-e6f2-49bd-88eb-8a17b5f01026,정민재,Female,40,1985-04-12,경기 의정부시 32로 57
c43ae1c2-efa3-4ea4-a7b1-84cd4f122746,임현우,Male,39,1986-02-11,부산 연제구 18로 79
625efb46-e91c-429a-9111-b5d84176d845,박서준,Female,37,1988-02-01,부산 기장군 49로 12
28269a70-7eb7-4d7b-98f8-36240f4120c5,서민수,Female,40,1985-02-28,경기 포천시 25로 55
a2668c3f-8a22-4226-bd1b-02390a9d21fc,서재원,Female,23,2002-06-15,경기 안성시 16로 24
0d20f5f9-c7d8-45da-9f87-516f669f50d2,윤서준,Male,28,1997-03-16,경기 남양주시 13로 19
c9259a58-65f8-4ce4-9a77-59b10a0a6661,박재원,Female,24,2001-11-05,경기 안산시 94길 14
0f9511d2-a56d-4b8e-8e69-1baabe132d7c,정현우,Female,21,2004-03-28,경기 고양시 98길 45
837fea7c-15f0-4c42-803c-6c44b11006ea,김준호,Male,31,1994-09-03,서울 서초구 16로 22
404053c3-33e4-48c4-a2af-b1ecbf3c8214,임우성,Female,38,1987-10-26,부산 중구 49로 11
03a4dbdc-ae53-4cf4-acd7-89195ccad8a8,최지민,Female,25,2000-06-27,경기 구리시 34로 91
ebee7b45-afbb-4f26-9ccc-a68c4e6a7922,윤지민,Female,34,1991-06-16,부산 서구 73길 45
07d42826-3b28-4d38-891b-165d124a269c,강민재,Male,32,1993-08-31,서울 용산구 50로 39
f56ab194-557f-4df1-835f-2c099097466d,박서준,Female,25,2000-06-20,경기 부천시 53길 81
3a05ddad-e164-4545-b2f3-bbe5576af7fc,윤서준,Male,32,1993-02-16,경기 이천시 87길 51
751cdc0a-99d4-43bf-a468-3811cb18e1d8,서서준,Female,30,1995-06-04,부산 서구 35로 73
3b9b8e6f-e1ee-4903-b3e9-ab75b770c558,임민재,Female,33,1992-01-04,서울 용산구 47로 66
c9e1bda8-cecb-4122-a9f7-e82ff1461f07,강지민,Male,37,1988-06-17,서울 금천구 15로 66
c5a7b32c-dddf-442d-92a2-b5b0b39edfd1,김재원,Female,21,2004-09-27,부산 금정구 73길 40
29606cf6-586f-45b7-8eb1-e28f5d10e799,조민준,Female,36,1989-10-10,서울 광진구 34로 14
3f660423-a755-4f05-869f-8f0e6cf985dc,최민재,Male,32,1993-12-08,부산 해운대구 88길 55
89b566ae-9e13-49f9-9dd3-87eae1457589,김민수,Male,37,1988-05-10,서울 도봉구 91길 95
e394d7ba-945d-4dc5-8cb8-6f058bfdcb2d,박재원,Male,38,1987-04-17,부산 수영구 45로 41
c722f110-9df7-46ba-b411-3da8fd3ca28e,이현우,Female,27,1998-07-10,부산 부산진구 20로 18
1e7ca614-345d-495e-870d-c2b0886f1e5b,이준호,Female,24,2001-01-29,경기 화성시 21로 95
25741f05-7f3e-4ca8-9ec3-655191d5aca1,강우성,Male,31,1994-05-01,경기 포천시 41로 66
da482c29-43f8-497a-a38e-f517a066afc3,최준호,Female,39,1986-08-03,서울 종로구 56길 90
61ec66e6-c9e5-4381-a62e-964cc1f8a903,김우성,Female,38,1987-11-19,서울 서대문구 26로 22
3566bb31-2c6f-45e8-80c2-c49a917ad372,강민준,Male,30,1995-12-29,서울 동대문구 63길 70
e870ff48-8721-408f-97e8-2ed7865a5a31,최서현,Female,35,1990-12-23,경기 과천시 91길 55
46811e2d-aecf-4a6f-a257-fbab8dba20c1,정현우,Male,38,1987-12-24,경기 포천시 79길 40
7e89a1a3-df32-4913-b18b-b32a81262441,강재원,Male,23,2002-03-02,서울 강서구 96길 19
06088afd-7f37-4a4e-8fce-9318cd02fbef,조우성,Female,38,1987-07-24,서울 강남구 22로 87
a29a6b4e-3159-45e3-89f8-9942f8e869c9,강서현,Male,27,1998-08-13,경기 성남시 90길 23
a19a4699-271e-4d4b-9123-2e216ed4d0c7,최준호,Male,31,1994-09-28,부산 사상구 76길 44
d6adc4f0-6375-4f4c-8a83-003279b46eac,이지민,Female,21,2004-08-07,서울 송파구 19로 51
7fd63219-2e66-41b7-81a5-02634d68529d,윤현우,Male,25,2000-05-05,부산 동래구 42로 54
e49d5677-cde4-4167-97d9-20be2a607b44,윤재원,Female,26,1999-08-05,서울 노원구 15로 62
fe1cc08f-dc3e-43f0-bede-c16bc9817741,이민수,Male,28,1997-07-30,부산 해운대구 39로 81
6a16e81f-2add-4232-b13d-78b631879c06,조민수,Male,36,1989-12-17,서울 용산구 12로 17
e6dd6cf5-2aa2-4f7b-8753-5dd1433a05fc,강재원,Male,38,1987-12-05,서울 송파구 77길 72
de8e0d57-7cf4-46c6-b8c5-15c1aa5b52c0,정현우,Female,21,2004-09-01,부산 동구 60길 54
94bdeedf-44a4-494a-b38e-445768f7fa70,김민수,Female,27,1998-01-26,경기 포천시 68길 25
2f65e1ce-26ed-4e34-a032-31069dc29d8e,강재원,Male,24,2001-04-20,경기 안성시 42로 54
4844e07c-c1be-459b-bfa7-ccf7d5db7e8d,정재원,Male,23,2002-01-25,부산 서구 33로 42
8537eff9-da99-41cd-a776-75fd65e87f4d,박민재,Male,40,1985-10-06,경기 용인시 89길 59
575a44de-c89b-4af6-a27b-9b149fb369cb,윤서준,Female,21,2004-12-10,서울 용산구 89길 52
c4d1e414-87de-4656-93c1-63b2a9e33dac,윤민준,Female,21,2004-06-20,부산 사상구 10로 77
39d99f53-6470-4e81-a879-af26bf2284ad,윤현우,Female,30,1995-05-16,부산 강서구 42로 41
c6e7a8da-18e4-4235-9e26-94d1c391d921,김민재,Female,33,1992-08-24,부산 해운대구 20로 57
779212b7-7ea5-42f0-bd75-bce40a55b258,김현우,Male,32,1993-12-24,경기 부천시 77길 47
d4a96425-a2d5-443b-bebd-8757396aafb9,김우성,Female,29,1996-09-23,서울 관악구 86길 93
8fd47c43-a95c-46df-98b7-d50bb2e07003,정서현,Male,26,1999-10-23,서울 서초구 56길 15
3b4b7f91-264a-430d-8807-3079f2a455be,임서현,Female,25,2000-01-19,경기 광명시 90길 62
f99f7b85-33c8-446b-bef1-20fbb36fe44a,정지민,Male,36,1989-03-14,서울 관악구 58길 51
13b2e853-f1c3-4dba-826e-86f1a50c7419,최우성,Female,37,1988-12-15,경기 안양시 31로 75
f9175c42-f954-4a6b-aa05-1264533c63dc,이지민,Female,34,1991-01-07,경기 광명시 12로 94
35033d0d-649e-4c98-837f-8dd1f054cd01,김민재,Male,39,1986-12-27,경기 여주시 10로 42
3d2a6717-9b8e-4fa1-b001-f2cc04c1d99d,김지민,Male,22,2003-07-27,경기 광주시 47로 78
209ca982-588a-40ef-a371-b4c6988d425d,서민수,Female,33,1992-10-16,부산 서구 42로 91
4079dce6-cc12-4a5c-a01c-be3ae2147475,김현우,Male,31,1994-11-08,경기 양주시 47로 33
2d52cdde-cc42-42a6-a3b7-03ca92b68219,이현우,Female,26,1999-03-14,경기 부천시 22로 93
da1d35da-a7ab-496b-bfed-66a3a48076f4,최지민,Male,34,1991-09-08,경기 부천시 49로 80
c0b3580e-5222-4c08-b5a5-d0904ca28e74,김현우,Female,35,1990-01-14,경기 의정부시 70길 65
1b8c5ae9-54eb-4d28-aca2-9c76a8693252,서지민,Female,38,1987-12-12,부산 동구 40로 22
4488a21f-3dec-4e1d-a85f-10395c46166b,서준호,Female,38,1987-03-14,부산 영도구 23로 40
0d4900be-050f-4189-a955-d405529d2190,조지민,Female,22,2003-09-11,서울 강서구 67길 88
5faf34ef-914d-4349-a9af-0f9d3e4a429e,이서현,Female,29,1996-01-02,서울 성북구 69길 87
dee75c03-baf7-4580-911a-690b3f9cb500,조재원,Male,36,1989-10-12,부산 사상구 54길 87
709a6851-b229-4f16-9ff2-51125a0a7dc7,임우성,Male,27,1998-02-07,서울 강남구 81길 45
5eac65b4-846b-4bfb-8731-93704d22c4f2,서우성,Male,39,1986-02-07,경기 평택시 42로 56
c4924cd0-0620-4159-9050-10b8ed51abb9,서현우,Male,39,1986-01-06,경기 화성시 11로 66
3043cb0b-0d8b-41a1-99c1-2f055cec99eb,정민재,Male,25,2000-07-07,서울 은평구 63길 41
7f608592-ce18-4b72-920f-22eb5b9d1050,윤우성,Male,32,1993-02-16,부산 부산진구 82길 20
23cc1895-a5ac-49a3-a183-396e931ecbeb,정민준,Male,38,1987-09-19,부산 금정구 49로 79
b8f81b98-2572-4f32-9424-761f5ca2ce93,강현우,Female,22,2003-01-26,서울 은평구 89길 35
a89d67e2-222f-46f8-8979-5278e5353c6a,윤서현,Female,34,1991-09-16,경기 군포시 63길 16
39e6a873-06b1-4808-8ae0-95cec4d1e5f3,김서준,Female,32,1993-04-14,경기 양주시 45로 86
a194dc3b-c54c-49ea-9384-0f37379fc18d,정현우,Male,35,1990-05-24,서울 금천구 39로 93
68f3194c-75d0-4ee8-91c5-561bce122804,박서현,Female,33,1992-03-27,경기 양주시 10로 72
b89b8cf6-43ce-4da8-b443-14916558341e,박재원,Female,37,1988-10-05,부산 영도구 27로 34
364ad719-2337-41a1-a110-feeb92a1ac7b,서우성,Female,29,1996-09-14,서울 중랑구 48로 38
207affba-f065-48da-aec8-da64e0fec94f,임민수,Female,26,1999-04-16,서울 성북구 40로 75
eb035615-4723-4000-80f5-4744e3591c3d,임현우,Male,35,1990-02-22,부산 북구 29로 26
192a8b1c-d7b9-4f28-bc98-edb24621a7bf,최지민,Male,32,1993-08-07,부산 중구 37로 15
d66781d4-7ad6-4284-8039-5f2bf0625f1a,임우성,Male,31,1994-08-12,서울 종로구 44로 14
7256a226-bd55-4f55-b900-51bc7b6c4ec2,임민수,Male,32,1993-01-05,부산 수영구 52길 80
b83608b0-cc86-4166-a894-ece611008fe1,서재원,Male,25,2000-02-29,부산 기장군 54길 50
92ed23ce-0b47-49d6-961f-ecd64ff4e98b,임준호,Female,25,2000-01-31,경기 시흥시 57길 24
0d9ab020-0459-44e1-a7c2-fd6b5d2ec4cc,임민재,Female,38,1987-03-28,경기 동두천시 94길 31
047b1bc7-c446-4709-aede-fad6c91e7805,서현우,Female,22,2003-08-23,경기 김포시 20로 84
1897041e-bdd6-44f1-a42b-68783364f0d2,조서현,Female,35,1990-12-24,서울 은평구 13로 10
5f3cf90a-b7c5-4265-bbf3-e4db1a77da86,서우성,Female,24,2001-01-17,서울 도봉구 61길 47
7ea65b6b-cafb-472f-baf0-d4f0e5b29cca,정민재,Male,33,1992-08-22,서울 용산구 14로 63
7d3e647b-ce9e-4723-a0e0-b22e336ee873,정민재,Female,37,1988-08-21,경기 여주시 65길 51
043f8fb4-819e-42e7-93eb-65ac209f5bb9,강현우,Male,36,1989-11-06,부산 해운대구 52길 37
6f99373a-d342-4159-9ce5-cdf3fc09d388,최지민,Male,29,1996-03-08,서울 용산구 87길 72
ce007ff6-92bf-415e-8a6d-372e13279840,임민준,Female,27,1998-02-06,경기 고양시 23로 22
99d5f8d9-6fa0-494c-bb36-a70a9e56f737,최우성,Male,25,2000-10-26,경기 여주시 53길 45
d2c05af0-62c4-4ace-9ddc-7fad1a2f1929,조서현,Male,21,2004-07-04,경기 여주시 20로 84
14981221-6a53-40e8-a7c3-5efdb2dea69b,조지민,Female,25,2000-08-02,서울 성동구 27로 45
d1f66af8-8998-4922-9f7a-dbf08adf0489,정재원,Male,24,2001-09-20,부산 동구 60길 44
62e8a0a0-a408-4e6f-9ce7-7879e0c6a4be,윤지민,Female,40,1985-12-14,경기 김포시 11로 96
fc215907-01f5-4f32-bd42-8bb3ffa24a0e,이민준,Female,23,2002-06-16,경기 여주시 15로 19
353e6862-bafb-4223-8b0d-a2d4f2e14cee,조민재,Female,23,2002-01-16,서울 서초구 60길 62
7f589462-f1b4-4725-a211-1fb6e5eeb7c5,조민수,Male,38,1987-03-13,서울 영등포구 72길 58
2b3022b3-2374-40e1-b331-16b860e350ee,김민수,Male,29,1996-06-06,부산 북구 83길 68
e34e6639-3d3e-4004-9fe9-df0f0c9cc513,이우성,Male,24,2001-12-25,부산 부산진구 79길 44
7d257ca2-9d7e-41ff-af98-cf4a4723ccc7,조준호,Female,35,1990-07-30,경기 포천시 23로 56
b6e639af-3dde-4794-9b73-20e1ca330d5b,이지민,Male,24,2001-02-07,경기 광명시 24로 81
d3445d72-ff16-4bb4-96f0-3c3baaaad43a,김민재,Male,26,1999-11-18,경기 안양시 43로 55
4554ba04-71a9-42bf-9a4e-57149b4a370b,이재원,Male,29,1996-09-13,경기 화성시 68길 97
47d496a3-99a3-4fea-9690-6b1f5822d667,최지민,Female,36,1989-09-04,서울 도봉구 16로 67
330a9a7d-7cad-41c0-938c-1fe1d9df0a01,조현우,Male,40,1985-09-20,부산 금정구 45로 51
ed3607ae-4512-42df-8b62-4b78fa63545e,이지민,Male,34,1991-04-05,경기 광주시 62길 65
469a2bb0-65b7-454d-9a18-ff45e4f1792e,조서준,Male,29,1996-06-20,서울 동작구 25로 47
022fca13-3007-46f3-a5cb-6f9f459ee7d7,최준호,Female,37,1988-05-06,부산 영도구 34로 60
0871e51a-194a-4b19-a8fc-1523b40a0b5f,최민수,Female,28,1997-01-22,경기 구리시 58길 42
65220390-c6df-43dd-952f-1217d79454b0,김재원,Female,35,1990-02-08,서울 강북구 83길 40
861f293c-5ce4-4037-9227-82489cbea130,박재원,Female,23,2002-05-11,서울 종로구 94길 46
a371eac8-0aff-4f84-b50a-805d3bc5ce7e,강서현,Female,39,1986-11-18,서울 중랑구 48로 73
a389dac2-ce23-4f2f-bb47-8ea71986529f,서지민,Male,30,1995-02-22,경기 부천시 58길 82
cdef6dfd-59ca-4a9f-8151-2f05fdc2da9b,강민준,Female,24,2001-04-17,경기 화성시 67길 72
cd3b39f1-e3b5-4ce5-b912-ae041b8b40aa,정재원,Female,28,1997-12-26,부산 영도구 85길 41
506d0873-66e0-4f86-ac23-0c9408ab04ab,정현우,Female,27,1998-08-28,서울 영등포구 62길 85
f97815c5-f8d8-4f85-916a-e9c7737394f8,정서준,Female,39,1986-01-11,서울 강서구 73길 54
fa93b7a5-d5d5-40e5-a6b6-89be91534bfa,정민수,Male,33,1992-11-12,경기 의정부시 29로 67
7bf12d0a-f0a4-4ba0-b74b-0046f5a32958,조우성,Female,26,1999-03-06,부산 수영구 92길 60
1feb2e1f-7a03-4ca7-bcea-5f27cc09cd29,최서현,Female,31,1994-07-07,서울 용산구 22로 32
c0173f52-d628-4895-9180-efa5c55b3fe7,박지민,Male,38,1987-10-25,부산 영도구 43로 22
62147bac-73c6-40c6-ba63-39888833c8f9,임서현,Female,22,2003-03-15,경기 용인시 95길 59
ba378535-0588-4544-87fd-c47dd5d533dd,김서준,Male,36,1989-12-29,서울 성동구 70길 57
9ebae0d3-db46-408e-82f6-d37cfe32cf14,김민수,Male,40,1985-08-29,경기 안양시 42로 61
89491916-0a61-4f37-8855-18251f916037,김서준,Male,37,1988-03-05,부산 강서구 30로 18
d31df336-a709-42ec-91fd-b11929940b37,조지민,Female,28,1997-10-13,부산 수영구 33로 19
a53e52cb-7e55-4d59-9e4f-1ddf894aef9e,조준호,Female,33,1992-03-19,서울 금천구 97길 77
043a1c0c-d8ba-4fd6-8f53-d9be57102401,최재원,Female,25,2000-02-07,경기 여주시 36로 62
2bbfc091-8a73-4a4b-b7ab-6c16e90e3da1,강서준,Male,37,1988-08-13,부산 연제구 28로 48
fab69a23-ccf8-457a-80c2-fd9f9c9ff00b,김민재,Female,26,1999-06-25,서울 강남구 63길 28
48b1fd57-a04a-46c5-a8c2-8195ea2b05f5,조재원,Female,29,1996-07-03,서울 강남구 62길 86
1122ed9d-6826-49f5-815f-5846a45af652,이현우,Female,40,1985-09-21,서울 중구 61길 39
80f587c5-dc3f-4885-92d4-851f796d369b,강서현,Male,33,1992-07-18,경기 안성시 81길 83
16664e62-0b0c-44be-bb15-60e98fc2db16,윤재원,Female,34,1991-07-04,경기 고양시 72길 95
4caa4dc4-9083-4277-a1ab-e5be8c470aaf,정우성,Female,36,1989-09-30,서울 송파구 26로 26
e22e0e3b-8bed-43d4-8161-656a4d84d3e4,김재원,Male,30,1995-04-01,서울 성동구 64길 35
cf8994f9-94e0-4298-bdce-d1d6c39d88c1,윤재원,Male,32,1993-06-08,서울 도봉구 64길 83
fc796490-c82c-4096-8f6c-96b3f54da39d,정현우,Male,37,1988-04-13,경기 의정부시 32로 85
071c7a0b-088a-402c-a35a-dd52c5c42390,서준호,Female,29,1996-01-19,서울 송파구 41로 22
b19aa3b5-b5d1-4e5d-a82a-f0e58f98ebee,임민준,Male,25,2000-03-30,서울 양천구 85길 93
a73d3c5b-90fd-4e62-8da1-bdcd83f43f3d,박우성,Female,24,2001-04-16,부산 중구 22로 99
618b3f49-0278-4a1c-b25b-6ba0ef1a19ac,조지민,Male,36,1989-12-20,경기 오산시 23로 44
a210d379-810f-46a9-b1ce-744ba737be00,정우성,Male,26,1999-09-08,경기 양주시 24로 12
d8ee8b96-2a73-404c-89e1-22afa83fed03,박민준,Male,34,1991-03-07,부산 기장군 11로 24
f90aec9b-8b84-4446-aee2-a7451bcc1344,윤서준,Male,36,1989-04-18,서울 중구 74길 41
d5a2b038-1af0-4cf6-8d8d-1a05e883ca89,이준호,Female,35,1990-12-12,서울 용산구 74길 85
33563672-f4a3-4e61-9406-4bace7ac5e8a,박준호,Female,30,1995-09-05,부산 중구 66길 87
780f6b30-1d5f-4804-b44a-78a0cfd43ddb,최서현,Male,39,1986-12-05,경기 고양시 75길 45
abdf7478-c3a6-490c-9fe0-dc0b7128430d,조서준,Male,38,1987-07-18,부산 사하구 80길 65
c1ca228f-10a2-4821-a96f-6ef6b672ac71,임민수,Female,23,2002-10-01,서울 중랑구 56길 45
73349da2-c33f-409f-ae13-f6421f87bfab,조민재,Male,28,1997-10-15,경기 고양시 52길 32
2487c345-d0b0-4f0b-ab37-8d4137031f5a,서서준,Male,24,2001-02-19,부산 기장군 32로 44
5f59bf2d-cf17-4703-a552-ecc80707d203,최민재,Male,29,1996-01-07,부산 해운대구 32로 38
dc9834ef-a390-40f4-a6b0-12dcdc1daef1,최지민,Male,32,1993-03-07,서울 강동구 70길 27
60ff7ec7-153c-4a67-9b1b-1bf2092f6e71,이준호,Male,25,2000-01-12,서울 노원구 78길 68
db8f6d67-9045-473e-85bd-f75e1ce252d2,임재원,Female,24,2001-04-29,경기 군포시 10로 53
e99312a2-56fa-472e-bd4d-69e309d324ae,김지민,Female,37,1988-01-09,부산 북구 68길 95
59038d0f-a748-46da-80fa-07c1676c1fcb,조준호,Female,35,1990-05-11,서울 강서구 51길 49
7e2c0c1a-8e06-4efd-ba92-aa5ca0a75723,윤재원,Male,39,1986-06-25,경기 성남시 30로 20
49946078-91a4-4f1d-9074-25c063f6c8d4,윤우성,Male,23,2002-03-14,부산 동구 80길 69
da28dba7-f6d6-4b1b-9f7b-88b1f46283c6,이민수,Female,29,1996-11-08,서울 중구 33로 91
b092f4b8-2576-4cce-bc4c-b4e5703aa55f,이민재,Male,23,2002-07-04,부산 해운대구 41로 56
cba9f598-7d15-4cd8-b307-55fd2568a4b2,조민준,Female,29,1996-04-11,경기 하남시 32로 43
8835a5e0-32f8-4dac-9414-9a1d05565ad5,조재원,Female,38,1987-08-19,서울 은평구 15로 53
53388ba2-529b-43ad-ae2e-5293b25b57b6,윤현우,Female,32,1993-06-12,서울 금천구 17로 41
59a274ff-7d41-4fee-91da-5cf19251aaf1,강민재,Female,26,1999-05-29,부산 영도구 89길 75
c45c8817-c277-4118-b650-9982daec2a4e,김우성,Male,33,1992-10-13,부산 해운대구 22로 97
8a9a9103-5c96-44fa-94f1-b49da534c3ce,서민수,Female,36,1989-11-05,부산 해운대구 28로 87
56f8fe67-20a7-4499-ae38-facf686c2170,서준호,Female,27,1998-02-03,부산 부산진구 26로 37
5ed44b1b-15cd-43fd-a895-31a1b9cd8743,최우성,Female,25,2000-09-08,경기 이천시 68길 42
3f885d04-7005-406b-92b8-0891c4a5c6d5,최준호,Male,27,1998-04-08,부산 부산진구 31로 34
c6027f96-f081-415d-833e-902cb3c6b59a,정우성,Female,35,1990-04-10,경기 하남시 81길 60
a80a8751-76b6-4589-ba9f-7bcdfc63c45f,최민준,Female,36,1989-06-13,부산 수영구 61길 28
8cb32975-b0ef-48da-b690-6cea1f1d6bad,서준호,Male,39,1986-01-31,서울 송파구 79길 74
907fb1d2-63e7-4519-815d-9f54c50be51a,강서준,Male,34,1991-01-31,부산 해운대구 81길 63
9fb92b47-4f7d-4cb2-aa96-c86ea77252fb,최서준,Female,27,1998-03-26,부산 동구 76길 23
e639547f-a22b-4a10-a840-fa2efdcd65d5,정현우,Female,21,2004-06-19,경기 광주시 70길 90
52a22cb4-b725-4f1d-8487-b13b7cdcd393,강현우,Male,35,1990-07-19,부산 영도구 35로 94
631e4aad-9f3b-4167-a3ae-0e4e9b8c9273,강서준,Male,39,1986-08-11,부산 수영구 54길 17
cbdfd7f2-39e4-432a-9f8f-6b9f60a5d215,서민수,Female,29,1996-01-15,경기 안양시 61길 43
6beb39a1-73f0-4b69-8179-b34550141b1d,김민준,Female,27,1998-09-12,서울 노원구 78길 80
e9443163-0572-4393-aceb-e895bcd7c091,김민수,Female,22,2003-09-22,부산 수영구 38로 91
ca8a6cd8-27dc-4324-a775-6a2737e00a97,강민재,Female,23,2002-10-23,부산 동래구 37로 16
ece1b729-e547-4a1a-98cb-74909e711a33,김민수,Female,29,1996-05-01,경기 고양시 31로 38
646e3991-0042-42f0-a9f9-87dfab8dc77c,임지민,Male,23,2002-04-18,서울 금천구 87길 47
0611ce23-8a1c-49db-aafc-3d799f070485,강준호,Male,22,2003-09-04,부산 해운대구 29로 98
81718ca8-dbba-4ddc-ae91-33a022d679c6,서우성,Female,35,1990-12-22,서울 금천구 67길 76
2b5758ba-9fb2-424e-a4f6-2ceb15b23e24,조준호,Male,36,1989-10-26,서울 서대문구 17로 47
83f82590-050c-4bb7-a57e-54c2f671f552,강우성,Male,31,1994-12-20,경기 구리시 98길 13
cac3ac1f-2f0b-41e2-8a80-bbbc59cf7a95,최재원,Male,28,1997-08-12,부산 북구 39로 30
894a1ead-439c-4292-af13-80a6d371a483,최준호,Male,37,1988-06-06,서울 서대문구 78길 52
807cdc35-58ad-4650-9cce-a55e48e83942,김지민,Female,30,1995-04-14,경기 남양주시 63길 10
fb563371-bd13-4f33-98ef-021a2ca851a5,조민수,Male,33,1992-07-26,경기 구리시 68길 21
8744eb3e-fd42-4205-b9c5-a5196da7d6c0,강민재,Male,34,1991-06-18,서울 동작구 60길 68
017fd663-3566-43c5-8cd7-b5759ba38c0f,조서현,Female,31,1994-05-27,경기 포천시 70길 66
96bef532-5f90-4a03-bee5-1202170116de,최준호,Male,40,1985-05-05,부산 해운대구 28로 75
187b97d7-d7be-4c63-a90b-8ce7ccfcc5e0,최우성,Male,38,1987-08-16,서울 도봉구 28로 99
9f2cfa3b-7fc1-4f46-8df2-6f93fd32a255,서우성,Male,33,1992-06-14,서울 양천구 27로 62
fdbcf5b3-981c-46f5-acbc-93b181d4ad23,윤민재,Male,27,1998-05-10,서울 서대문구 54길 16
9a001b1e-0536-4b7a-877e-ea554be4784d,이현우,Male,33,1992-12-12,부산 영도구 23로 68
9766d72b-2ddb-4da1-83bd-9b23a4e8d1ad,임민재,Male,32,1993-07-18,부산 남구 86길 83
47bace69-bad9-493d-82b2-824df028b7ef,임준호,Female,33,1992-01-04,서울 강동구 79길 29
7b1a1fc5-accd-4e0d-84da-0a12f4d2b10c,이서현,Male,28,1997-03-09,경기 이천시 12로 39
26c6fa8f-faca-4a05-ad8d-89f8b35eb993,임지민,Female,33,1992-03-28,부산 남구 50로 88
7411cb34-82b2-4873-8025-c05f5e09a9a9,조서준,Male,38,1987-01-24,부산 강서구 17로 50
51097a0b-44bc-4b57-8e9c-c1c1fe6bf33f,서준호,Female,25,2000-08-18,부산 사상구 29로 42
016587cf-9e03-4b41-9011-fc4a29385c07,조민수,Female,35,1990-09-22,부산 사상구 33로 39
89469c42-d56e-4b7d-864f-ef47b5432804,조서현,Female,29,1996-07-26,경기 화성시 40로 19
2e03ed66-f18a-4a0f-9fc0-62925e5115b4,김지민,Male,36,1989-10-03,부산 동구 92길 23
0cec5c33-7f65-4d96-81ef-13a08dac27ff,임현우,Female,22,2003-03-11,서울 양천구 13로 22
626406fd-a9d5-4daa-8e35-8ac347b87e57,박민수,Female,30,1995-03-23,부산 금정구 23로 99
d9cec748-883b-4ec7-8c27-649d7023fc4b,정재원,Female,28,1997-11-25,서울 성북구 98길 29
1a37bb3b-c811-4d95-ac0e-56dd1580ea0a,최민준,Male,32,1993-08-23,부산 영도구 19로 93
dfdad222-93db-4b76-95ef-861563820f35,임서준,Male,25,2000-10-30,부산 연제구 65길 13
c4414441-35d1-49f2-84f9-922034a5b67b,이서현,Female,27,1998-09-25,경기 부천시 78길 26
d7ec1959-b274-4d27-b010-19b4d0b729e5,김민수,Female,25,2000-04-12,서울 동대문구 32로 14
3c3ec83d-df76-42b9-9099-30cee29dad44,임서현,Male,35,1990-07-17,경기 이천시 17로 34
0fb34898-8e4a-4016-852c-495bf0ec8c74,이서준,Male,33,1992-01-12,서울 강남구 92길 25
1201eab3-e521-4ca8-a5f2-e547ff36414d,강민준,Female,27,1998-04-07,부산 서구 67길 26
29d674b0-cdf0-458d-baa3-0c2a26f72471,임재원,Male,21,2004-01-10,경기 동두천시 24로 95
437f1e02-8bd8-410b-80f6-1af2249cb559,정서현,Female,36,1989-12-28,부산 동구 69길 50
5e92ed0f-9a1a-40d4-9cd4-a02f39874433,서우성,Male,26,1999-09-04,부산 영도구 96길 36
a453d020-5e2b-47df-b0ef-6f97c94c8f01,김민준,Male,40,1985-11-25,서울 관악구 85길 75
77b98dc7-f2b2-47ab-ae13-eb1e8b9401a5,김준호,Female,35,1990-12-10,부산 기장군 34로 51
4503820d-9b5e-4d50-8615-5d06c3963872,이지민,Female,25,2000-01-06,경기 양주시 46로 36
752f22dc-c622-4452-b7f9-8db34310519d,강민수,Male,25,2000-10-30,경기 광명시 59길 75
d0e65e2f-be79-4d35-8db3-47e08b846577,박서현,Male,29,1996-08-22,서울 강동구 29로 21
dfffc3b6-932a-4cb8-ab30-50de4d47eb31,최민준,Male,34,1991-12-12,경기 고양시 34로 56
db3fb0ce-5fc1-458c-9f50-af281b5e331d,조민준,Male,40,1985-06-02,서울 마포구 99길 36
c6a6c41b-33a1-48c4-b1a5-b47dcb0e32f5,조현우,Male,28,1997-08-03,부산 금정구 53길 81
aee3b7e2-4401-4f41-8662-638d0490e03b,정서현,Male,38,1987-08-25,경기 의왕시 75길 20
d5715407-04a6-46d6-a78d-a9b493bf5c51,박서현,Female,40,1985-05-27,부산 사상구 72길 61
7332c505-89f1-42ae-8e64-d64d95cf5b2b,김서준,Male,23,2002-12-17,경기 하남시 16로 38
782a05f2-eb37-4240-ae42-3103ee4c6d8e,서서준,Male,39,1986-11-21,부산 기장군 64길 47
9a367314-2e18-4acf-8cb9-547c2f3c59b8,윤재원,Female,36,1989-01-04,서울 동작구 95길 19
c27e8408-3448-46d2-8eca-5a24c5196c43,최현우,Female,30,1995-02-04,부산 부산진구 16로 47
7a5ed489-4fa0-415b-a622-3d72a1ee0bc3,최민수,Female,38,1987-08-26,서울 동작구 49로 67
bac1c201-b90e-48c2-b3fd-59966f909845,최우성,Male,28,1997-10-21,서울 동작구 97길 43
03971d56-61fc-4438-af8a-1e50867a49b1,김재원,Male,22,2003-12-13,부산 동구 63길 60
87b4868e-71c8-419a-a4cd-2a9844c98e7c,김현우,Female,26,1999-03-15,부산 사하구 33로 53
809f4c66-2963-47bf-b434-1d3ccf127733,이민준,Male,25,2000-07-12,부산 수영구 98길 54
efdc1035-1ffb-4085-aae3-f155d54df9c1,서재원,Female,39,1986-04-01,경기 부천시 44로 76
f1774b16-f308-49f9-ad2c-dd86d7d183b9,윤지민,Male,21,2004-12-30,경기 여주시 93길 87
69d050ae-8d6a-4a25-bff1-943a5eae53fb,윤지민,Female,40,1985-09-28,부산 강서구 96길 77
87cbb420-8ec2-4c58-8d7a-c71373e273e2,윤민준,Male,27,1998-11-11,서울 강북구 87길 78
451daba2-e493-4908-aa17-46253125295f,최재원,Male,23,2002-07-13,서울 금천구 59길 60
b18389b0-2808-41de-8dad-30916237ddc2,서민재,Female,36,1989-10-18,서울 용산구 97길 90
6ff1033f-bb2a-4482-a306-f5efd15d30bf,임재원,Female,26,1999-04-06,서울 서초구 62길 52
3de47c08-d9b3-48fb-9364-9234125c22d8,윤재원,Female,36,1989-09-16,부산 서구 20로 54
e440e536-6aac-439d-a2fc-02ba4e42b01d,윤우성,Male,38,1987-05-05,서울 송파구 86길 77
d2efb87e-f3c3-4423-b57e-d85fe65e28a7,윤서현,Male,37,1988-07-23,경기 안산시 23로 21
a12b1c45-f43c-4c0b-bf9e-35fc293d388b,임민준,Female,28,1997-11-06,부산 해운대구 80길 34
43089633-01e6-469f-b132-3ddb1f09ef14,박재원,Female,23,2002-03-29,부산 서구 74길 46
12171fb3-2264-407a-83ab-b0e94afbc380,정현우,Male,21,2004-10-11,경기 용인시 32로 40
31436829-76a4-41a0-a4fa-a4d5a5350407,강민수,Female,21,2004-06-05,부산 기장군 54길 34
586281df-d0b5-42ab-9757-17318adda128,정현우,Female,34,1991-02-11,경기 안성시 94길 85
ddd2d33e-6446-405d-a80f-55043829fcdb,윤서준,Female,21,2004-07-31,부산 해운대구 31로 17
b0a2bcc9-a4b3-4ca7-abc9-099934754fba,박민준,Female,34,1991-05-03,부산 금정구 10로 91
937cb7aa-d08b-44cf-8341-98903355c3f2,조현우,Male,22,2003-11-13,경기 오산시 86길 69
39bb98df-49dc-420b-b368-3408eeb0d7c8,조지민,Female,39,1986-12-09,경기 이천시 37로 11
92413c82-4687-4dd0-a13b-7ce59824b57d,윤재원,Female,24,2001-04-14,서울 중랑구 68길 90
a8a7ac16-a849-4bd8-847d-bad93f916fb6,최서준,Male,33,1992-10-13,경기 광명시 79길 41
dfedf03c-a08e-4916-a12f-ef3116629a48,최지민,Female,36,1989-06-12,부산 동래구 73길 83
c24af9ff-ce10-48aa-ad38-f212db771335,이지민,Female,21,2004-03-26,서울 양천구 12로 61
de168947-3b95-4b55-aa28-456e68ac13ba,박민재,Male,32,1993-12-26,경기 부천시 31로 59
db614f67-b5cb-474e-ad17-4de9bc3447a5,박우성,Female,22,2003-02-06,서울 용산구 63길 68
c0a5ab8a-7d3c-41be-8773-fe0e9bbd2d52,박민준,Male,36,1989-07-21,부산 중구 66길 89
0aa8cecb-ccd0-48e9-95fa-150fcfcba08f,이준호,Male,30,1995-03-19,경기 동두천시 89길 94
92052b05-2b71-41b9-9a24-b33f1cfa19ab,김서현,Male,39,1986-07-18,경기 구리시 38로 54
63a08475-b366-4e45-8f27-92a647388134,정준호,Male,31,1994-04-19,서울 중랑구 87길 32
c5b8a64b-b562-4b33-9f3f-f6047aa1dfec,조지민,Male,25,2000-04-06,서울 강남구 61길 94
aca6accd-8c30-4a7a-8710-7ee0084c2910,김재원,Female,36,1989-03-18,서울 노원구 86길 21
79ae4ab8-1a0e-44aa-b4ee-c7d59e8078c5,정우성,Male,32,1993-08-11,서울 노원구 68길 55
514a4b7b-d074-4b37-b163-54c682200a4c,정민준,Female,30,1995-05-21,경기 김포시 94길 32
5ad0fb19-529d-46cd-a721-97655864416d,이서현,Female,34,1991-07-11,경기 양주시 12로 27
dc0ad4c8-bc01-4f30-b15e-64d8135db736,정우성,Female,32,1993-11-27,경기 구리시 32로 84
fd9b7e13-1451-418d-823a-bb08bd08ffc6,강준호,Male,30,1995-06-26,서울 강북구 39로 25
f6c98c1a-0555-41b4-aa13-d765c9241d6e,이민수,Male,24,2001-06-24,서울 서대문구 49로 77
dca57318-cc98-4957-8d0f-83ffb74c75a6,정우성,Female,40,1985-05-29,부산 동래구 21로 87
31ffa2b3-83f6-4190-b395-e9006cac2993,박재원,Male,24,2001-04-16,서울 중구 30로 87
538f47a3-ca05-44b6-b268-1ae685502408,김재원,Male,33,1992-07-09,경기 김포시 99길 73
0650cbb5-16c9-4e52-980f-3173abb9547c,박재원,Male,32,1993-07-23,경기 포천시 10로 38
2478427b-d7ce-4b47-ac33-b3eb310f41b3,조서현,Female,23,2002-08-21,서울 중랑구 93길 66
b89f3702-c483-48ac-9732-64f0cf77e637,정민수,Female,25,2000-05-10,부산 해운대구 59길 83
3a821fd5-6188-4612-a0dc-54341122b61c,임재원,Female,31,1994-11-12,부산 중구 94길 77
bbee23f3-3971-4c58-92c7-c26d7fb99ad2,김우성,Male,27,1998-02-12,경기 의정부시 66길 66
7786d9f9-305b-404f-be93-903988ac62f3,박민수,Male,32,1993-03-09,경기 용인시 83길 42
2a1cf2ee-2de3-46e6-8bda-a8690f6feed5,최준호,Male,21,2004-02-22,경기 수원시 60길 63
e0e726c0-d439-4e02-8ddd-3b825c1c1d41,서민준,Male,28,1997-08-14,서울 영등포구 38로 55
42039d8f-e522-4031-92c2-45d47777015e,조민준,Female,34,1991-10-07,경기 안양시 34로 59
9eb81db7-182b-43ad-911d-f2c3b326b70f,정서준,Male,21,2004-11-27,부산 수영구 38로 78
2e2c944d-3a8a-4627-a4b3-904f4d3f8326,최서준,Female,31,1994-12-10,경기 과천시 89길 19
1b8febf3-bd97-4fd3-9d18-da7c4a1ea3e3,정재원,Male,39,1986-06-01,경기 파주시 54길 64
c6d7334b-4d28-4f96-a4e2-7834ffd9bece,정지민,Female,26,1999-12-17,서울 구로구 22로 72
df287d58-fe09-424b-b66d-abef8b7f4e59,강민재,Male,33,1992-11-14,경기 광주시 34로 25
91c98578-0ad4-493b-b908-68b209278942,정우성,Male,37,1988-06-16,부산 동래구 94길 32
7bda01f7-e599-48f5-ac0f-3faf338f59ef,최지민,Female,23,2002-01-22,서울 성동구 61길 13
1f080e24-1bab-4626-b3e0-796b5b125c15,이우성,Female,23,2002-03-02,경기 광주시 41로 43
f44834c0-dcf8-4447-b628-aa21d5b98845,박서준,Female,27,1998-03-20,경기 의정부시 58길 70
35b8f5d7-aa83-46c7-b716-47be4343f295,최서현,Male,37,1988-10-31,서울 강북구 57길 19
78737b31-538a-406b-8e83-46a4c5ca7f7d,정민준,Female,27,1998-04-01,경기 의정부시 76길 17
ff3469ea-3a2b-4be5-90f2-0d653fef590b,임민준,Male,29,1996-11-27,경기 포천시 24로 19
52efdbfb-da67-489b-9c10-868b2039a3d2,강준호,Female,21,2004-10-16,부산 남구 20로 91
2c56289b-f64c-416a-bbd7-54f902d45456,임서준,Female,34,1991-10-20,부산 영도구 43로 34
6fc1e789-d336-4cf9-836b-ebb4df17815f,최민준,Female,30,1995-06-01,경기 여주시 71길 66
0992aaf4-6a24-4e4c-b3d5-f7c95ba92923,윤우성,Male,33,1992-03-19,경기 구리시 16로 38
17b0b231-f0dc-4266-bd37-0cd132efccee,윤민수,Female,37,1988-04-06,경기 포천시 51길 80
ae6be4ac-7c3c-4555-b93f-5274f162c8a5,김민재,Male,21,2004-11-14,서울 송파구 26로 67
55d7e422-bdfd-4750-89f2-bfdd0c217f4d,서준호,Male,40,1985-06-03,서울 성북구 47로 37
c4a00766-d64d-4131-bce2-f9311b8f6513,윤서현,Male,28,1997-10-12,부산 금정구 39로 31
e43efd85-7b12-4c90-9590-f9ae9041751a,강민준,Male,31,1994-11-07,경기 광명시 65길 14
000fd82a-a6c5-49a9-a08d-3b84c3709a0c,서재원,Female,25,2000-03-13,부산 동래구 63길 92
ade9e90c-99c5-4505-999c-11489f5c5aee,서준호,Female,38,1987-03-13,경기 여주시 91길 49
9caa671c-c414-4092-82d1-1f4bbed4f947,조우성,Female,30,1995-08-25,서울 용산구 68길 25
353407e0-7cef-4e6b-84d3-ae25e65905ae,김민수,Male,36,1989-05-18,부산 사상구 63길 11
628f4d3d-f1bd-4c2b-b983-123049bf5e31,윤민준,Male,34,1991-02-18,서울 광진구 33로 11
906169a1-37c3-4abc-9a98-f3e65a793b5a,정재원,Male,40,1985-03-02,서울 성동구 25로 35
b072bdf1-4981-4ebe-a912-e7a4f01399c9,윤서준,Male,27,1998-12-27,부산 남구 58길 73
736cce1f-763c-47fe-a4cb-62462085e3d5,김민수,Female,24,2001-09-01,부산 부산진구 16로 71
26d9d4f3-6d40-4dc9-989b-2ba82f57ce28,김서현,Female,31,1994-09-26,부산 금정구 15로 65
57384c09-3a7a-4905-8528-2fcf57beabe6,김재원,Female,36,1989-10-09,서울 동작구 89길 35
c8ac77b1-1b5e-4c8c-a4bd-6b6b685adeb8,조준호,Female,36,1989-10-31,서울 마포구 26로 61
1f907058-d671-4e62-8ebe-24ca2453f27f,이우성,Female,23,2002-01-02,부산 금정구 63길 54
50ca6fe7-a5c4-41df-b47b-644d0de8942f,서준호,Female,22,2003-07-27,부산 금정구 33로 53
b1f0d845-d05d-4823-851e-90831a1e9ac2,강민수,Female,34,1991-12-16,서울 용산구 86길 59
428fc060-25d1-4a29-92a4-a5f783d1d4d2,조우성,Female,24,2001-03-27,경기 시흥시 96길 52
76a3b94b-c2a5-40b3-9302-356d142e66ed,윤지민,Female,32,1993-08-31,부산 서구 44로 80
c46f26f9-454f-4f1a-9612-318757de10c4,임서현,Male,35,1990-04-25,서울 강동구 75길 78
045f46a4-0c69-4538-9afb-2e0cd758fec1,윤우성,Male,27,1998-01-28,경기 하남시 77길 72
106fa819-b912-42ed-be94-6f07d42c0f60,김서현,Male,37,1988-10-21,서울 양천구 65길 97
48f07ff2-e8fd-4c0b-bb03-db5f04a88688,강지민,Male,38,1987-02-16,서울 노원구 50로 20
b786b08c-acf8-469c-aa53-afbaba822186,임재원,Male,37,1988-07-16,부산 북구 32로 96
5c3ddd28-157f-423f-96a8-4c99797985c1,정우성,Female,27,1998-03-04,서울 강북구 54길 38
8a99a076-ea7a-4d02-8630-976c96f980ef,윤서현,Male,25,2000-04-30,경기 고양시 71길 18
de96a7f5-38cd-41b0-8ac8-2aef7a590bde,임민수,Male,22,2003-06-01,부산 남구 19로 96
7062e872-6d57-4b71-a9be-610faf1c747d,조민수,Male,40,1985-02-12,부산 중구 64길 56
51685678-353b-4922-af55-196e38b4d621,윤지민,Female,40,1985-08-06,부산 영도구 49로 47
80a9415c-1606-431d-9dee-cbb1afd477b7,정재원,Male,30,1995-06-19,경기 안양시 50로 90
a69f957e-b327-4ef8-b809-b0ff66b35268,윤서현,Male,36,1989-01-13,서울 동대문구 36로 25
aad0aa87-2a89-4270-b6f9-66e63518e867,박민재,Male,29,1996-08-13,서울 도봉구 97길 20
d7fbb520-8fe9-4f8a-9e4a-bb754a412b27,강우성,Female,26,1999-02-23,부산 동래구 98길 35
125f6b5e-4786-43fc-84b7-ca4b622f75a3,조지민,Female,22,2003-02-14,경기 안성시 71길 36
38d5608b-0117-495d-8d3a-cbbe089919cf,김민재,Female,27,1998-12-18,경기 광명시 56길 95
8fdac68c-88fa-4cfd-adba-108c4665b074,윤민준,Male,22,2003-03-20,경기 안양시 49로 54
832c9666-d4ce-43f4-833b-6497846f028a,임준호,Female,39,1986-05-08,서울 서대문구 27로 25
30272ed3-eb38-42b7-8cc8-7f1a4ecf469b,이민수,Female,24,2001-07-29,경기 의왕시 10로 84
09ef45a0-a383-4871-b689-847b379aaf28,정준호,Female,31,1994-06-13,경기 이천시 90길 91
ece83ca4-71fb-40e8-b8f0-a60b6dde7d43,서지민,Male,35,1990-06-01,부산 중구 82길 63
1e3cdc96-4406-4d3b-acdc-6143ebc5e85b,김현우,Female,39,1986-12-20,경기 의정부시 41로 10
03f3ef8c-ee41-4977-a3c5-072c544dfa1f,윤서현,Male,25,2000-05-15,부산 중구 38로 92
c3b58a09-8c3c-4f16-9c13-bed4a9def3c1,강민수,Male,23,2002-12-15,부산 수영구 61길 14
34bcda35-84b4-4c25-ade3-9798f5091988,박지민,Male,23,2002-07-18,경기 양주시 87길 25
88b6d0a7-7794-4ee2-830e-47c11f5e2cae,최준호,Male,27,1998-03-16,경기 용인시 35로 92
a7966124-4ce1-44ab-88a7-15ac93ebdda8,서서현,Female,29,1996-03-06,경기 광명시 88길 19
5491d1bc-d9e6-45e2-9245-feb2ed883dd7,강재원,Female,32,1993-09-18,서울 관악구 87길 33
dfee0808-0bda-445a-bf41-8a812313ef1b,이민재,Female,29,1996-09-04,경기 동두천시 51길 60
f96b7455-43a2-4609-b9cd-252622b53a37,최민수,Male,37,1988-03-20,서울 강북구 16로 14
080b3172-1cec-41d5-aebf-0bdea23e743a,임민준,Male,22,2003-08-30,서울 강남구 53길 53
3b2ecd17-5194-4d8f-91ca-9db5499c8d75,최현우,Female,33,1992-06-24,부산 해운대구 82길 16
f2592131-b97e-45ed-90b9-be7e09238e8d,정재원,Male,30,1995-02-08,부산 서구 88길 29
3dda9f64-292e-458d-8bd5-325401ac5926,서우성,Female,26,1999-01-05,서울 마포구 85길 15
f481c510-5cd2-4e58-a865-f79fb52742a4,최재원,Male,32,1993-08-29,서울 강서구 43로 28
b4f058f5-3707-49af-b829-27c489ccdb15,최재원,Male,21,2004-10-26,부산 서구 21로 16
cf607ae1-b841-41bd-8375-88143ee9798c,서민수,Male,30,1995-05-28,서울 강남구 67길 85
972bc900-f5d0-4843-a85d-9759a333674e,임지민,Male,28,1997-11-06,부산 해운대구 48로 65
e576cd6e-5e30-44d5-8697-8b58c7ba7ed8,윤서준,Female,34,1991-05-08,경기 광명시 76길 43
4a11c29d-fe58-4fa0-962e-99b1d8c11500,김재원,Male,34,1991-05-03,경기 용인시 50로 21
fe6f053b-052f-4101-b543-b7638b9932f2,조재원,Male,40,1985-10-20,서울 강남구 72길 77
136ddf5d-80fd-49cb-a1d3-d6d7d6b15d3e,서지민,Female,26,1999-07-04,경기 하남시 83길 20
abfe3daf-f705-426c-9617-4331b5e78636,이재원,Female,27,1998-01-03,부산 남구 42로 38
4daac2b7-516a-47a4-8c8f-8d2451c722ed,조서준,Male,23,2002-09-25,경기 광주시 94길 60
da701303-e26b-45ff-8645-b0bcb8bdfc49,서서준,Male,36,1989-08-18,서울 구로구 72길 57
ce302c70-d497-4164-a4da-688a8af68ea6,윤민재,Female,21,2004-10-15,경기 성남시 12로 87
1af15ecd-464d-46a7-9c2a-e8c3c3ba6020,최현우,Male,38,1987-07-01,서울 은평구 93길 82
829b3656-f99c-458d-9e38-eaa61cc6b9db,정서준,Male,31,1994-03-31,서울 강남구 27로 62
e2eafd17-e5db-4fa3-a68d-cd1b3a0a5e0d,서서현,Male,23,2002-05-27,경기 남양주시 93길 96
c89eafa1-98d4-4165-9a27-3c2fc6b1852a,박서현,Female,34,1991-05-26,경기 안성시 58길 48
24f517cb-bdb2-46f7-8964-eab91935d905,최서준,Male,24,2001-09-08,경기 파주시 37로 58
fabf1a09-17fc-4917-b4ae-8ebc5ce93e14,박민수,Female,36,1989-12-11,서울 강남구 61길 76
eba23015-9ad0-4844-9d5d-2935da0b7425,정서준,Female,29,1996-02-15,부산 서구 63길 21
d575a6af-e4b3-49f0-aae7-578f7bbf55f1,조재원,Male,25,2000-02-14,경기 파주시 44로 22
783952b8-e3a2-4d85-9779-0cd6284b30bc,서민준,Male,34,1991-11-01,부산 사상구 44로 48
8e39f2ae-ba0a-4f0b-b34b-f0ac3abbdcbf,이서준,Female,29,1996-08-29,부산 동구 20로 98
717fb97d-8106-45ad-9493-3289bca53484,이민수,Female,34,1991-05-03,서울 강서구 11로 68
7bc7f56a-894b-4333-92af-6ddfacc0b368,조재원,Female,40,1985-02-22,부산 강서구 52길 80
51eca68f-c386-4cc7-93b0-c177f4311cb9,정민준,Female,24,2001-09-14,서울 광진구 46로 76
2aff9fe6-8352-4f11-85ea-352cdad2ef14,조서준,Male,39,1986-12-21,부산 해운대구 23로 12
4886abbb-1161-42b2-a684-64b56dc692b6,조지민,Female,35,1990-06-12,서울 영등포구 71길 86
008a1318-97f4-4982-bf32-4be78610f761,조서준,Male,22,2003-01-15,부산 사상구 27로 59
419d25da-6346-40bf-8408-b6540fda0f5c,윤우성,Male,26,1999-08-25,부산 북구 46로 45
83878f2c-6f86-482a-9866-bc3e12ed259d,최서준,Male,29,1996-04-08,경기 광명시 40로 16
24c433e8-e25f-41d1-94e0-70f7464993a6,임준호,Female,25,2000-08-27,부산 금정구 23로 97
943d6da5-d43e-4ee2-b900-c43b540e80d4,김준호,Male,39,1986-01-06,경기 화성시 78길 65
d0eade09-9748-43a7-b3de-f99247084b48,서민수,Male,28,1997-01-13,경기 남양주시 46로 70
5e99206d-f4ef-42f6-8be1-15849fe182e3,김서현,Male,35,1990-01-02,경기 김포시 82길 20
f6c71dad-4224-4116-b99f-082cd6e7e347,강현우,Male,33,1992-09-29,부산 동구 52길 44
fa687b81-3309-4c91-beb0-48185172df7f,조준호,Male,27,1998-10-10,서울 양천구 40로 16
9333a31d-992c-4341-b70a-24c2703fd19f,윤서준,Female,28,1997-07-27,경기 의왕시 21로 89
bd5e830f-acd3-4328-adcc-a3647a4f8cbd,김우성,Female,28,1997-07-29,서울 영등포구 49로 53
7ce15e35-6f57-4485-9152-30383c7031d4,김재원,Male,35,1990-05-05,서울 영등포구 49로 90
7147ce0b-6030-43e6-94f0-8c99bb41a74a,윤지민,Male,25,2000-08-03,부산 영도구 67길 81
9d13f90a-5f0d-4b6e-a662-7b817b454ae1,강서현,Male,30,1995-06-09,부산 중구 84길 59
aa4b9b25-ed7c-488d-8867-ebbf224973b9,임현우,Male,40,1985-01-03,서울 송파구 76길 27
4d285447-12b4-4e98-89c9-dd974ee7fa5c,강서현,Male,39,1986-08-28,서울 성동구 88길 55
e2087656-aca2-4411-ac15-85f4b3c8b8f8,임서현,Female,26,1999-06-30,경기 안양시 73길 33
4e694b5a-a9ab-48aa-893f-4169866f325c,임서현,Female,28,1997-07-31,부산 동구 58길 38
d8fe5b58-91a0-4a20-9027-d487703dade6,조우성,Female,32,1993-05-24,서울 중구 78길 92
422ae94a-68d1-408e-949e-df2d71a73ec4,윤민준,Male,40,1985-02-06,경기 안양시 42로 58
fc4a330b-3176-4d4b-a6df-ec67cf96536b,최현우,Female,36,1989-10-26,경기 화성시 91길 44
c2ae044a-0b15-4c38-8335-2d6be4c7874d,김민준,Female,36,1989-09-27,경기 이천시 53길 38
c38c2ab2-7e79-481b-9546-8dbc23cb6aeb,윤재원,Male,37,1988-07-21,부산 북구 71길 15
b18094e1-221a-4511-a1b4-a94694c10164,서현우,Male,22,2003-10-15,경기 과천시 92길 66
34ad5721-bf6e-4da4-9e6b-544ae2d517a0,조우성,Female,35,1990-11-28,경기 고양시 49로 93
8d6b6f07-1e19-44a3-abb0-a0e395722f0d,서민재,Female,23,2002-04-14,부산 서구 49로 80
29233f34-12c5-49d0-a5a9-0e5f97667fc3,김준호,Male,33,1992-05-21,부산 해운대구 59길 95
89dfd70f-5069-44dd-9822-c90c5566ecc4,조서현,Male,22,2003-08-06,경기 수원시 25로 22
98c1f638-79af-43fc-b6f4-8f6ff3d9ae5e,김준호,Male,30,1995-07-22,부산 동구 29로 25
b3bdd33f-24a7-4e79-8c1d-e54dd6dcd9ef,김민수,Female,34,1991-04-30,부산 사하구 62길 61
7a9b49c8-4ff5-4476-b4ee-d579ed7ef458,최현우,Male,25,2000-10-28,부산 중구 75길 18
dbdfff25-d865-4572-ac7c-283dc2a6d066,정현우,Female,28,1997-02-07,서울 서대문구 44로 87
963f1e48-e39b-4184-9358-4e87896dda85,조현우,Female,32,1993-01-25,부산 사하구 70길 10
982ac3b1-8744-4d44-9a49-d10134e8ce95,윤현우,Male,40,1985-02-11,경기 부천시 35로 96
50207edb-7ac5-4f75-8d27-9b3d6036992a,임우성,Male,27,1998-01-17,경기 파주시 33로 82
c210302f-31c5-4f29-ab9a-888e3a4a221e,조우성,Female,38,1987-07-11,경기 의왕시 29로 56
e7a2101c-6223-41c3-9f78-5027c521cb3c,조우성,Female,31,1994-03-25,경기 의정부시 12로 23
5e93549b-d55d-4e84-b67b-56aed306df29,윤민수,Male,29,1996-10-04,부산 강서구 88길 73
7517e8f8-6ef9-425e-b874-e041936a8398,조재원,Female,33,1992-11-03,부산 수영구 44로 10
c6796a98-b1df-4878-938e-7e2c2c6f3a15,박서현,Male,40,1985-08-18,경기 여주시 82길 48
961f89de-ce23-47cd-9a9d-f8354b4dca7b,임우성,Female,29,1996-03-11,경기 안양시 48로 34
95e29f60-363c-4459-9d73-c4458219ef47,이현우,Male,23,2002-10-02,부산 사상구 75길 41
e2c60fa4-084c-4e94-aed2-c6240e05bef9,서지민,Male,24,2001-01-15,부산 영도구 19로 77
da12748c-7f75-4dd3-aefe-c474122f72d6,조재원,Female,21,2004-08-15,서울 강서구 71길 60
7aeb655f-a3e9-4d83-8b64-803faaf11e03,서서준,Female,29,1996-12-02,서울 종로구 76길 17
cec31592-1320-46c2-a9f1-d7060175d71c,윤현우,Female,31,1994-08-26,경기 동두천시 66길 82
5e278493-2a16-4791-be1d-7f69ba478a0b,임준호,Female,21,2004-03-30,경기 시흥시 58길 56
62a95ef0-c476-4ecc-bb56-756454925484,정재원,Male,21,2004-09-21,경기 의왕시 38로 83
f5efb1c2-07dc-44a0-b80f-d823121de53a,임지민,Male,27,1998-06-19,경기 하남시 53길 50
0ffb0edb-e09e-4881-a805-14595d6ce337,윤서현,Female,21,2004-09-23,서울 송파구 85길 35
b81e3334-8deb-4c52-b78b-cc1f68e19b77,서서현,Male,34,1991-02-28,부산 연제구 78길 94
774ad300-0f1e-4c68-b2d4-4a4da5e28230,조우성,Female,30,1995-06-13,부산 해운대구 21로 41
4f3df0ea-b6de-427c-b259-be37243f48a4,강민준,Male,34,1991-11-15,부산 기장군 30로 52
b5c3a5a8-9f65-46f4-9b0e-9ec826643cc2,조민수,Male,24,2001-09-09,경기 의왕시 44로 78
1ac56b0c-6adb-48a9-a06d-7daf419b4643,이서준,Female,29,1996-09-17,서울 송파구 67길 56
cc572643-b9ef-4104-beb6-1e4e04a0d98f,윤서준,Male,26,1999-10-09,경기 오산시 91길 41
56f085c9-f655-49dc-aef3-a8c69cd025ac,조지민,Male,30,1995-07-27,경기 안성시 63길 64
501034cf-bbf6-43e8-8bd2-cfc46de91a1f,조준호,Male,27,1998-12-28,부산 부산진구 36로 17
a3073f81-8d81-4e24-9da0-5ae87ca58e9d,임지민,Female,30,1995-03-13,부산 동구 23로 93
65233327-fa59-4322-86aa-3dea31435cdf,박서현,Male,29,1996-08-24,부산 동구 85길 34
681e1c63-3bbe-43a5-84c0-f2f1c0c1b4e5,강우성,Female,31,1994-08-30,경기 안양시 14로 75
d7eade7d-43b2-452f-b644-af367722d9e8,윤민준,Male,40,1985-08-22,부산 사상구 34로 21
0f6e6a3e-2d88-4481-b15c-567a7fb8f8c1,정민수,Female,25,2000-10-05,서울 성북구 41로 52
12190600-fe82-44a3-bc3a-da8f34b38b04,최서준,Female,38,1987-05-01,경기 안성시 24로 63
f95502a1-85ae-4292-9d68-e24170c653c6,조지민,Male,36,1989-04-08,부산 해운대구 82길 62
7d0fe31b-7119-4e87-94be-f9ec87dfafcd,최민재,Male,35,1990-11-18,경기 의왕시 21로 16
cbfbc26a-863a-46f5-b366-f69e46b62de4,임현우,Male,23,2002-06-27,부산 사하구 12로 81
dcc964bc-7351-4ca6-939c-df8fdf140455,박재원,Male,40,1985-06-28,부산 북구 32로 95
0283bc43-3894-4009-9834-ad6b640eaef6,최서현,Male,39,1986-02-11,서울 중랑구 76길 48
06fcdc3d-d68e-4244-877d-2bd758b8fde7,임서준,Female,24,2001-10-03,부산 금정구 65길 76
0f2d9e86-350d-4194-aa82-b6c76ef6aa70,서지민,Female,40,1985-10-24,서울 중랑구 63길 59
ff4054be-e280-466f-99e0-2bb9ac0cdd2f,강재원,Male,22,2003-07-09,부산 동래구 18로 88
a5215a93-594f-4bcc-94cf-7ecae00826d3,정재원,Female,28,1997-02-17,서울 용산구 85길 51
5d4ace85-e7cb-41cd-98c9-65544a1620c1,서민재,Female,38,1987-05-05,부산 연제구 24로 67
42ea7e82-818b-4c56-b010-f6ec64bc0774,김준호,Female,30,1995-03-14,부산 사하구 59길 90
b1f97ba6-9380-4905-8447-ae55e6f7bf7d,윤민수,Male,38,1987-09-07,경기 시흥시 20로 64
414731d7-7672-420c-9058-1687f8b17125,김민재,Female,39,1986-05-17,경기 동두천시 16로 63
4cc5ba40-fd04-4cc6-a705-e64caad60145,서재원,Male,36,1989-04-17,서울 강서구 68길 15
c13c97b5-9f87-42fc-bf16-ebb815887591,윤민재,Male,32,1993-07-20,경기 안양시 86길 84
b546e22a-78a9-45c2-b735-00b90f6ecb1c,임서준,Female,27,1998-08-02,서울 성북구 69길 30
b721e4e7-634c-46b6-a598-782b1099c561,정재원,Male,26,1999-03-28,경기 김포시 46로 36
43464ea1-eb14-417d-9904-c101d9295c32,강민수,Female,39,1986-06-27,부산 영도구 18로 49
95aa723e-ebcf-409a-8e79-1d5aa9d7db71,임민수,Male,21,2004-04-13,서울 서초구 80길 39
0a8f7598-f730-480b-9eec-6849179cadad,박현우,Male,40,1985-12-12,서울 광진구 40로 45
1932632a-8996-4434-9a43-e6ebeed403ab,조우성,Female,33,1992-06-17,경기 의왕시 42로 18
18ba6b46-ed2a-43d2-a922-3028c6a215e7,이준호,Female,37,1988-06-22,서울 도봉구 96길 96
909dff56-d2f1-4c07-a525-0fa28dbb2caa,윤우성,Male,33,1992-01-27,경기 용인시 58길 25
ddb6c26c-5dd9-4624-8f8d-e91b41b52015,임서현,Female,36,1989-10-06,서울 은평구 38로 51
36e30d62-645a-47e2-9da5-f16a846cf172,정서현,Male,34,1991-03-12,부산 영도구 92길 76
030a36e5-2118-40c7-8dd5-912ab9d16e3d,최재원,Male,39,1986-12-22,경기 김포시 97길 16
3baf0c3b-8d1d-4d63-b546-03ac6b70373f,이민수,Female,28,1997-08-05,부산 사하구 36로 66
22d74f4a-8c13-4718-80ff-9b9b51653722,서민재,Female,28,1997-06-13,경기 광주시 78길 60
09310403-b3f2-4248-847b-dff59126dfa9,정우성,Male,23,2002-11-28,서울 성북구 62길 77
7b1fd605-b3a8-4d60-9195-1e904ae1d7e1,정서준,Male,33,1992-04-15,서울 마포구 70길 61
edfdab5f-0016-4fa9-a5a3-dc143fc2b7f8,최서현,Female,40,1985-11-08,부산 강서구 76길 42
c5514a24-71d6-4f82-b6b0-a8d65e537421,이민수,Female,36,1989-07-24,서울 송파구 38로 52
6c7f7ded-1f05-4137-89f7-83b45e3a58f2,최우성,Male,37,1988-08-30,서울 강남구 24로 26
c024ad99-6c36-449c-abb9-b2c983efb698,정지민,Female,23,2002-02-28,경기 안산시 57길 35
be74b51f-20a3-488c-ac61-17b1585c9785,김재원,Male,21,2004-06-03,경기 이천시 49로 53
b46d76e7-ec4f-47e7-8c84-07f76691f0ae,이민재,Female,39,1986-03-01,경기 남양주시 42로 41
47faa9be-1acd-4ced-ab94-b801a0ad682d,윤서준,Female,22,2003-03-21,서울 광진구 74길 33
905805c7-cec7-4811-af5a-0dabd5ad2cc9,최현우,Male,36,1989-01-03,경기 용인시 42로 33
8548d8de-9cf7-4606-8f83-a83015d45f39,조서현,Female,33,1992-12-10,부산 강서구 23로 10
192068b9-232d-41c1-b948-129878ea194a,정재원,Female,35,1990-12-22,경기 평택시 43로 36
7bde5137-c82e-4dca-8b6b-1ef0f276cb57,정민준,Male,36,1989-08-16,서울 강남구 49로 68
5965713a-6602-493c-9234-41917f96d7c8,박지민,Male,31,1994-03-09,서울 금천구 87길 69
b40db46d-53f1-43e7-ac53-a715eae25d08,임재원,Male,40,1985-03-16,서울 도봉구 25로 92
74ef3c7c-78c8-4bc2-af6e-2e8a3b35efcc,정민준,Female,34,1991-04-04,경기 남양주시 50로 11
4c528483-0ba0-433f-901a-c973c04894ee,최우성,Male,29,1996-01-22,경기 김포시 72길 64
f640b362-b87a-486f-bccb-c07a88b0cc24,강서준,Female,37,1988-05-30,부산 부산진구 78길 86
b6686df7-0a9b-4fa1-8a10-743ccec6549b,조민수,Male,25,2000-06-11,경기 용인시 95길 34
70699035-801f-472c-b06a-3e7c91c7e558,이민재,Male,30,1995-02-08,경기 수원시 45로 53
d4f7b546-8f26-4a7e-9616-1f3a666bdc9f,강우성,Female,40,1985-10-16,서울 강서구 13로 40
06726a4f-f276-48e4-8213-3ff62a4b8eef,정지민,Female,38,1987-03-15,부산 연제구 37로 64
91f92d70-71ca-4ef0-bc3f-341e4bfd3f9e,조민재,Male,26,1999-07-08,경기 안양시 55길 75
4857cfdc-3767-496a-833b-20c128ea269f,이민수,Female,32,1993-12-20,경기 부천시 95길 34
44d43db8-59ca-4675-be5c-b9fb1f6b2427,윤우성,Female,38,1987-11-24,부산 동래구 74길 82
ac2c3278-593b-4497-b7c3-2119ae01fea7,이민수,Female,29,1996-11-11,부산 중구 36로 52
e9b45e49-b165-4dcc-a791-9e9a8ed2fbea,강민수,Female,26,1999-11-06,부산 중구 81길 69
c0e9b703-49bb-43b4-b177-ae35598abdd1,최민수,Male,27,1998-03-12,서울 노원구 32로 41
ba4b2858-06ff-443a-8779-66d966d5110f,박준호,Female,22,2003-11-26,경기 동두천시 81길 12
ee9a88f9-f6d0-4283-a30a-84964893b152,정재원,Male,24,2001-02-15,경기 광주시 82길 57
fda7128c-498e-405b-9f1f-ce627768da72,서서현,Female,39,1986-02-09,부산 남구 44로 68
394fcce3-aa65-4ce7-b106-9d043ed693ee,서지민,Female,24,2001-10-15,서울 강북구 90길 82
bc06857b-f6e6-4369-9d41-e469420476b9,김민수,Male,21,2004-02-23,부산 북구 25로 83
1b2837bb-c790-433c-9e08-eac002eb663b,조우성,Female,25,2000-12-11,서울 관악구 25로 51
d4ac37b0-bc60-461e-beda-710e7375f5e0,최서현,Female,32,1993-03-06,경기 고양시 31로 96
8e86933f-2276-4207-90f8-65a357294a12,임민수,Female,37,1988-04-04,경기 구리시 47로 57
28d894b6-a6de-4b70-959b-2c0d147f3502,정재원,Female,27,1998-10-29,부산 연제구 68길 71
22608184-ea3a-4c52-9f37-545d8b5e96be,이민재,Male,28,1997-10-31,서울 동작구 39로 23
88a67930-bbb2-4129-afd7-21e420ad93a3,임현우,Female,40,1985-04-24,서울 종로구 92길 64
67ca2b38-6c88-439c-91e8-56f70f912093,윤우성,Male,36,1989-04-04,서울 중구 25로 69
e41d7758-3f37-4616-934a-e187f9953419,윤민수,Male,26,1999-07-22,부산 영도구 79길 43
23178681-ad29-4e8f-92ff-f74bdc690eef,서지민,Female,30,1995-06-16,경기 안성시 71길 35
b9fec353-f9a7-49f8-8d1c-b5244d116af1,박준호,Male,26,1999-09-14,부산 중구 64길 43
9085f007-a640-41e4-9665-f0fe0efe0739,정재원,Female,30,1995-04-10,부산 부산진구 21로 55
23d38d41-1009-4b1e-9884-926fac25f166,윤서현,Male,25,2000-03-15,경기 의정부시 68길 21
4fb82678-d318-425b-a329-f0a0197bbd70,이서현,Female,34,1991-11-02,부산 해운대구 10로 58
fbf90fdf-0f51-4044-a690-697b8520e193,이민수,Male,35,1990-06-28,부산 영도구 89길 88
c48852e7-8bab-42ec-8f62-dc34927f74a5,강우성,Male,39,1986-07-13,서울 동작구 61길 45
9a787915-a444-4481-bf23-e2bcf7247caf,서지민,Female,40,1985-06-10,부산 남구 48로 49
77e8c388-b52d-45ac-9d01-d1f0c636ec17,이민재,Female,35,1990-07-25,서울 관악구 11로 39
84a88b04-6a0c-4b70-abb8-f061475a0515,임민재,Female,39,1986-01-04,부산 남구 97길 78
fd898b97-8425-4b9c-8b86-2db176cd27e9,강민준,Male,39,1986-06-12,경기 김포시 92길 71
5c14bbcd-b95d-42eb-a9e6-1cefe411f8ce,조지민,Male,35,1990-06-20,서울 중구 55길 14
e16b31f4-9b6b-4525-bfa6-9eade80557e6,서서현,Male,26,1999-02-04,경기 양주시 85길 30
183755b2-a3c8-48bb-af66-175353302347,이지민,Male,30,1995-02-12,부산 동구 32로 38
fc179d48-17ee-44f6-bcca-8205fb3f1874,조재원,Male,32,1993-01-28,서울 서초구 40로 45
ad6b5698-7fb2-446b-8e18-3bbe225aadaa,임재원,Male,22,2003-01-29,서울 구로구 97길 95
e740d23b-34c2-4979-9d4b-1c8d11403d85,윤지민,Female,23,2002-02-20,부산 동래구 63길 97
79d192db-9e6a-4a88-9baf-6400ab7e3ee7,강민준,Male,32,1993-03-16,부산 강서구 62길 35
1faf1b66-03ca-4d58-a134-e4b92e69c7d9,최서현,Female,23,2002-10-20,부산 동래구 83길 20
daf7b019-b67b-4164-94df-5b01262c704a,조준호,Female,29,1996-11-25,경기 부천시 44로 69
1dfbe12c-192b-4624-a003-a917670652c2,서민수,Female,33,1992-04-10,부산 남구 99길 51
f24dbbb3-0b01-487a-87e1-cf1f4ac4586a,박지민,Male,22,2003-02-19,경기 고양시 85길 44
5e6e821b-912d-4b55-89d6-4d504f9e1523,정현우,Male,26,1999-05-07,서울 강동구 93길 50
a45f1b90-1a7d-4625-bd4f-a046362cc115,최우성,Male,24,2001-06-03,부산 수영구 24로 12
7749da68-061c-4fdd-85e1-119fd9444a42,서재원,Male,34,1991-11-11,부산 연제구 62길 74
644219d5-fbe6-444b-b5b1-2004eb0a1dd0,이서준,Female,35,1990-07-04,서울 동대문구 90길 83
e16efed1-d142-472c-8ad9-22c0e221022e,임서준,Male,29,1996-05-05,서울 강동구 86길 26
92623463-e06b-494c-999f-3143a56dcf46,서민준,Female,21,2004-08-22,서울 노원구 54길 15
c84e9a9b-d740-4d3a-bb50-e73dcef68de0,조민수,Male,26,1999-04-19,경기 과천시 25로 85
bf4a2582-1acc-4fda-bb9e-eed6596c4bf8,최민수,Male,38,1987-05-10,부산 사상구 15로 88
3f9c2c4b-f32f-450b-b929-f7e8a4d44eda,강민수,Female,34,1991-01-01,경기 용인시 69길 77
a63486b7-848f-4c31-bee7-873859736693,임서현,Male,22,2003-10-27,경기 광주시 54길 87
3b8cf040-2fda-43e7-bf11-2c4d01599293,서재원,Female,24,2001-06-09,서울 종로구 44로 15
83664721-9b71-478c-9603-26ea5e646fc6,임현우,Male,37,1988-02-27,부산 사하구 82길 63
6ace9165-851e-4234-a727-ec86461f148e,서우성,Male,23,2002-06-05,서울 은평구 38로 88
3dfada74-2eff-423d-895f-4d128985f333,조우성,Male,34,1991-02-16,경기 파주시 58길 23
5a6fca0d-dccf-4087-a6df-1dd9bd9f2cc3,최지민,Female,35,1990-12-20,부산 북구 34로 36
a6b4021e-2d3a-4320-8471-0ccd59dde583,임민재,Female,32,1993-10-10,서울 강서구 81길 21
6873e824-a4b3-4b9d-a2cb-c61f15fe0c57,윤지민,Male,23,2002-02-25,부산 서구 42로 36
b632da18-ecad-4e6d-a7ff-3644be8eec09,정준호,Male,21,2004-12-09,경기 과천시 87길 77
60a95041-e851-46d7-833c-ab6a439b22d9,최민재,Female,26,1999-04-20,부산 영도구 99길 84
6b88cf0e-a834-4bb0-980a-1a8d1a076f46,임현우,Male,25,2000-04-10,경기 여주시 82길 16
9dafed76-bb78-4595-8bed-28438bd00938,강서현,Female,39,1986-07-25,경기 용인시 62길 76
f23df39b-2d6d-461d-acf6-bb19a1680079,정민수,Female,28,1997-06-19,부산 강서구 23로 96
b365bbf4-4d06-4c16-9114-bdb58fe53528,조서준,Male,25,2000-01-26,경기 용인시 82길 12
4e39ebc2-0ba6-4b97-820c-d33d04b93c6b,최준호,Female,33,1992-06-27,경기 화성시 97길 62
e67c5d44-f68f-451e-949c-b0d28b173743,서민재,Male,25,2000-10-21,부산 사하구 10로 96
56780482-ba7f-4ae3-843a-6fcd54e96784,서우성,Male,33,1992-08-12,부산 영도구 29로 91
4595f0c7-40ae-401d-bf23-a32522cd7aa2,서민재,Female,30,1995-01-27,서울 노원구 47로 64
07f7e24a-ddfa-48b7-8779-805a179fe7d3,조현우,Male,22,2003-01-02,경기 구리시 36로 39
6d1b8fe0-69a6-402e-ab27-7cbe8ecefac6,이민재,Male,23,2002-02-22,부산 부산진구 61길 44
2d188ecf-1d16-4f35-98d6-0df137795825,서민수,Male,32,1993-05-18,경기 용인시 60길 33
c277da28-de03-4e1d-ad5e-61dec861b563,강우성,Male,28,1997-03-09,서울 성동구 82길 40
15082ed1-484d-44f6-953a-109b3a3aa48b,윤서현,Male,32,1993-08-07,경기 포천시 93길 19
9f2a5d25-6402-4010-b275-3a3defc69644,이서준,Female,34,1991-08-18,서울 광진구 30로 67
ed2b30e7-2236-4f72-ab83-3e499c7f83a1,강민재,Male,22,2003-05-27,경기 광명시 86길 87
b9f15075-8b58-4b43-a60a-7c78d02afdd8,임재원,Female,39,1986-09-20,서울 은평구 24로 40
bc91f780-b68e-4249-aae7-0bb69ad59fff,최현우,Female,40,1985-04-08,경기 용인시 12로 46
f3151925-14bb-4c4d-b901-c35537ec0357,임현우,Male,40,1985-12-14,경기 용인시 96길 76
de8c9829-3f11-4acb-bfad-b7903a6a1dfe,강재원,Male,37,1988-03-31,경기 구리시 54길 34
188d3ccd-69ad-46d4-afc4-78638a33cc88,강서준,Male,35,1990-03-08,부산 동구 90길 88
83612666-d64e-45f1-8ad1-1a8d72460c21,임민재,Male,38,1987-01-02,서울 은평구 74길 94
f8ac948c-4af1-4fa6-8ab6-59c8cfe7c6e4,최현우,Male,30,1995-10-30,부산 사상구 43로 20
d6ed83ee-a7af-4ac4-a96c-95a7e5af3e6a,정준호,Male,28,1997-03-09,서울 마포구 10로 44
8d347feb-cc6b-4cc8-9fe8-638df1d3922a,김민재,Female,33,1992-04-16,경기 안양시 37로 82
f294bbc3-77ac-4f19-bc88-89c2ae0f8b25,임서준,Male,40,1985-02-12,경기 하남시 46로 61
57cb4766-82b4-40cb-8181-1501c366afff,박지민,Female,23,2002-09-27,경기 광명시 15로 31
83bc0f76-f896-4595-98f1-acac4ef9986b,서현우,Male,27,1998-01-15,서울 금천구 45로 90
e9e2a79f-fb16-4dad-b9ae-c7d4cec7f96e,최재원,Male,40,1985-12-04,부산 연제구 90길 52
359de4f6-bf30-4e3f-93f7-a9b7d2f2afc4,윤현우,Male,35,1990-02-21,부산 사상구 93길 58
ae6acd0a-0e57-41e6-bb47-10ae8f139d58,강우성,Male,39,1986-08-01,경기 고양시 21로 21
39f62870-800a-475e-9020-8a8ec9ffdb4c,최민수,Male,35,1990-09-14,서울 노원구 96길 23
2593d5d5-5085-455c-af83-9d89b56f6511,이준호,Male,26,1999-10-26,부산 해운대구 20로 68
e7315e3c-8c18-415d-8388-7f5832281d50,강서현,Male,30,1995-02-23,경기 의왕시 37로 42
b33e1ef5-b099-439a-b0a0-503af24d2118,강서현,Female,26,1999-08-18,서울 영등포구 75길 73
60e9ef66-2370-4108-a8ed-7c9384d30ed7,윤준호,Male,25,2000-07-16,부산 동구 27로 50
b64f8653-faa1-4a70-9b59-7a67b7bff21e,박민재,Male,32,1993-12-30,부산 강서구 60길 81
8329afcf-e420-4209-99b0-46884c8acbb3,이재원,Male,22,2003-07-27,부산 기장군 82길 65
fafaa6fa-96c0-41a5-b8ef-b8299e8d0ef7,박재원,Male,21,2004-09-12,서울 동작구 33로 34
a031f146-357e-4a6e-ab5d-9bf418c2735d,서재원,Female,21,2004-12-18,부산 동구 62길 71
1091d318-0af1-4b15-9938-4ab731728bb6,임민준,Female,25,2000-12-09,서울 영등포구 92길 33
bd1c2fef-04fc-4759-8599-5670444b66ea,강민준,Male,30,1995-09-27,경기 광주시 52길 43
a21ce961-bd56-4cbc-a844-cb619d2e838a,서우성,Female,25,2000-10-05,서울 송파구 99길 67
96a03057-b474-47f9-94a6-4b20f22b254b,임민수,Female,27,1998-03-04,경기 평택시 95길 50
13d8aceb-6aa1-417e-87a4-238f4c3f2178,조재원,Male,22,2003-06-29,경기 이천시 70길 30
af6c9320-04b5-4cbd-b501-56f27243ed76,정민재,Female,35,1990-10-20,부산 금정구 97길 64
0d1e4dd0-4717-44a7-bb20-fd7f338285a5,윤민준,Female,33,1992-04-13,경기 광명시 69길 94
e6f5d754-c674-476f-8008-8e2d0262f785,강지민,Male,33,1992-10-03,경기 안산시 38로 69
fa800354-601d-4637-8fd0-6459d3f6f526,윤재원,Male,32,1993-09-03,경기 광주시 35로 29
b6862f63-c9ce-4c68-89e2-9e4828cb27ec,강지민,Male,27,1998-07-31,경기 포천시 13로 31
3e36c63b-8f53-40a1-8d64-f16003f6f20c,박현우,Male,34,1991-10-10,부산 기장군 39로 71
65023251-468d-4774-b955-e2139a4d6aeb,윤지민,Male,34,1991-01-09,경기 과천시 20로 27
226ea295-1f31-498b-9003-22831aa4fd66,강서준,Male,34,1991-03-07,경기 동두천시 59길 91
d1856e6d-9a46-4c54-9fc4-17e61fbadd17,최민준,Male,25,2000-11-23,서울 양천구 31로 95
e193961e-9764-47e6-b530-58182c08e2f7,김지민,Female,30,1995-03-26,부산 해운대구 94길 87
7983f4b3-fa6e-45a7-a4f1-65d9b35b8c3b,정지민,Male,27,1998-08-14,경기 안양시 39로 28
a6e7c2c2-6efd-420d-acbd-bd1564eb3dcb,임서준,Female,34,1991-02-07,서울 구로구 99길 97
18f36b2a-2df1-49bb-9933-2f7dd0d78bed,이우성,Female,26,1999-11-05,경기 안양시 80길 74
cbcd0e28-9163-4eb1-a4ab-53affa976017,조재원,Male,34,1991-05-13,서울 양천구 49로 70
3eb2fd0c-6192-4d50-ac12-741f9e4e7042,최서준,Female,28,1997-04-09,경기 구리시 38로 50
fe157880-4a5b-4dbe-a496-6cd369656076,이서현,Female,23,2002-10-10,경기 안성시 79길 68
7ccbe454-6be3-4795-ac29-9052099bd17b,강민재,Male,31,1994-12-13,서울 노원구 91길 55
7e6abd06-be78-44a5-9865-5854359c4a5b,정민재,Female,36,1989-09-16,서울 강북구 28로 32
470ebaed-4079-4031-99ad-6c8d4d028b3d,박민수,Female,26,1999-12-29,부산 강서구 19로 47
b8953515-868c-4721-b4b6-a793a30a3f7a,윤서준,Female,30,1995-09-08,서울 도봉구 49로 20
00ac260f-91eb-457b-b6d6-87619b779dc2,서우성,Female,33,1992-02-11,서울 강동구 36로 31
d669e79b-0390-4c0e-aaef-9f23dfb1f271,조지민,Female,40,1985-09-17,경기 시흥시 76길 23
95c08046-03e9-4ac4-8005-fb43cf2d2d61,최지민,Male,22,2003-07-27,부산 해운대구 40로 44
e26806f0-832e-43d3-8a75-f9e5988ce739,김현우,Female,22,2003-10-15,경기 과천시 73길 25
0c5165de-6464-490c-8850-15af94517006,최지민,Female,37,1988-03-08,서울 관악구 64길 57
9b886ad6-7580-4fbb-a627-314c37652bf3,윤지민,Female,36,1989-01-04,부산 동구 91길 21
0af5bba6-36e7-4a77-823b-5b2dcbd9262c,이재원,Male,23,2002-09-22,경기 안산시 72길 22
cd99ca28-2abc-4cbc-9c98-38e27244a8f6,서재원,Female,30,1995-04-06,경기 과천시 70길 25
8ace2d37-0e38-4803-8375-841d3072e378,조민수,Male,25,2000-09-04,부산 서구 14로 48
0cfd9f8e-eb19-4fb3-9d76-8e7829c8f377,서재원,Male,21,2004-07-12,부산 동구 50로 37
9aa7c02f-da1a-41af-987c-68c9a5724cc0,김서준,Female,23,2002-09-01,서울 강남구 14로 46
c562960f-a713-4b43-936c-b125afb123ad,박민재,Male,30,1995-12-18,서울 구로구 16로 84
0953cf2c-ac3f-4fbd-9b05-e64abfa1a63a,임지민,Male,30,1995-07-31,부산 동래구 12로 85
c82009c8-829b-420e-837a-804e96bd401f,김준호,Male,29,1996-09-18,부산 영도구 76길 69
2908c628-4b85-42d6-85d6-9d7483c86ebc,박현우,Female,21,2004-06-07,경기 김포시 61길 46
3be3f0b6-d3fb-4f5b-820d-cb53aca7d695,정서현,Male,35,1990-01-27,부산 기장군 54길 87
8aea8120-ad8a-42a5-8c0c-f0ab4076621d,박민재,Male,35,1990-08-04,경기 안성시 94길 89
f268ed2f-ca3b-4df3-8b41-7772113c118a,임준호,Female,30,1995-06-28,부산 서구 12로 16
682f6423-7fb7-4304-abe4-a7aac58d10e6,임지민,Male,28,1997-12-25,서울 강동구 48로 64
fda949fe-53b1-4780-9e26-d6f8b66874e4,김지민,Male,23,2002-10-11,서울 마포구 63길 26
82556d63-80f7-4e01-84c2-1b807e55006c,윤서현,Male,28,1997-02-14,부산 강서구 63길 14
5bbaa4d1-66e0-431a-8e7d-52adc2607b6b,윤서현,Female,39,1986-11-24,서울 관악구 56길 96
f156bb3c-0d63-4d09-8fcf-a75ff5fada7f,조준호,Female,37,1988-01-09,부산 금정구 32로 68
87271c39-c435-4aa7-929e-430af13183ba,서현우,Female,30,1995-07-29,경기 과천시 54길 72
48d1b498-2ed3-4d89-a3b5-31fa2b638324,윤민수,Female,36,1989-10-04,서울 관악구 47로 59
752b8597-505d-4ef3-91d8-757161eca3c7,조민재,Female,36,1989-05-01,경기 성남시 15로 49
32b06ce9-668e-4dde-a491-23304a9bc8bf,윤민수,Male,37,1988-12-27,부산 금정구 71길 62
bdaf9a59-ac08-4268-a080-e8fbab7294ea,서서현,Female,23,2002-06-01,서울 양천구 11로 80
93ab1fc4-afe1-4746-96bc-2c0bb4d158c0,이민수,Male,25,2000-12-30,서울 종로구 56길 30
dfbefeb3-bc51-4760-bc87-65c23f5b5a9c,서우성,Male,40,1985-04-20,서울 강서구 35로 57
947de249-7549-411a-81bb-6c1b10651d2b,이현우,Female,35,1990-12-16,서울 금천구 18로 78
f8ff1611-e558-46a7-95d4-5fbb08c1cf35,이서현,Male,28,1997-04-09,경기 평택시 45로 18
98f4ae7e-7270-4ec7-8a4b-2b3bdcd336cc,정지민,Female,25,2000-07-17,경기 양주시 37로 33
43577333-90bb-4a8c-8101-e79bbcebaae3,강현우,Female,29,1996-04-30,부산 부산진구 91길 17
202483b2-dbd9-4545-b849-60cd35382b83,조준호,Female,26,1999-08-05,서울 마포구 77길 57
8b157673-ca47-4117-a602-29cbefb09fa5,정재원,Male,40,1985-10-12,서울 도봉구 32로 88
edc01734-bf47-4d19-8b87-d3d41f5ab69a,서지민,Female,30,1995-06-05,부산 서구 78길 62
a4806907-e81e-4d81-9773-e59225ed29fb,서민재,Female,26,1999-05-22,부산 수영구 59길 75
05e6d16f-26b4-4ac5-94e3-7371cdcf0545,정민준,Male,32,1993-04-22,서울 금천구 31로 36
b1809ad0-a64c-4e5a-8f7a-8ff454db0737,서준호,Female,39,1986-10-20,경기 고양시 90길 93
c5b8b249-3060-4f47-a7cc-dc21442f7c0d,강민준,Male,30,1995-11-26,부산 중구 77길 47
1fb307f2-30c4-4f37-bea4-2acc4d1f5088,임준호,Male,37,1988-06-10,서울 서대문구 12로 57
b81b2544-f42d-4d58-8e09-59cb82ba1dbf,조서준,Male,40,1985-01-22,부산 사하구 55길 46
6ca82c21-afe7-474e-ade1-bc2efae4ffd0,이서준,Female,28,1997-06-05,서울 동작구 64길 10
08331f49-1a86-4ea1-9074-6c8b938a6c4e,이지민,Male,32,1993-01-05,서울 노원구 57길 37
f5cbb9ff-a99c-4a4e-a8b3-daa5f45f04ba,이서준,Female,25,2000-05-21,경기 의왕시 77길 13
928f34f7-4bdd-46fd-8447-4078b7478ee6,최지민,Female,33,1992-01-09,서울 서초구 83길 27
ee21b2c7-1c3f-4853-9c42-7dc6df64f9a1,정민재,Female,30,1995-02-04,경기 여주시 11로 96
900b40b9-6cd9-410c-b30c-65055eb47f03,정재원,Male,22,2003-07-28,서울 양천구 56길 33
bd7867c4-468e-4795-886f-310583db7e65,임서준,Female,38,1987-01-02,서울 동대문구 35로 87
63a2fec9-0b4b-4fa1-8124-094cf98254cc,윤민수,Female,33,1992-01-07,부산 사하구 74길 82
8f0a5dbb-a001-4000-a813-30d7f527ee76,정재원,Male,36,1989-10-23,경기 이천시 95길 83
5defbf6e-dce8-48d7-8dff-8ea3e41c1f04,정민준,Male,22,2003-04-18,서울 성북구 13로 92
ce1743ef-1c3c-4eff-9701-5e2ee9f3a1fd,강우성,Male,22,2003-04-01,서울 성동구 71길 40
d142bdab-02ba-421a-a374-88a2e82df85f,이민준,Male,25,2000-04-24,부산 기장군 81길 51
c7770eac-2804-499c-bab2-4f563be59054,김지민,Female,37,1988-06-28,경기 남양주시 65길 60
28e7f9a4-4a67-4f6e-af81-dd10132e779e,조현우,Female,24,2001-11-13,부산 강서구 43로 70
0e505553-082b-4e90-be05-a30d18a3873f,정지민,Male,40,1985-09-25,경기 수원시 51길 11
1ec123d1-5763-469b-88e9-9dd0c46a9bd5,김재원,Male,40,1985-06-08,경기 안양시 70길 79
359a97ec-6047-4f73-b43f-c5fc6e9c1944,박준호,Female,37,1988-10-24,경기 하남시 74길 51
ae19d3b5-5857-406e-9182-ed3252600f18,윤민수,Female,36,1989-08-16,부산 금정구 11로 64
c7aaa8f4-70c5-4ec2-a498-1828ad12ebe9,정재원,Female,36,1989-07-18,부산 사상구 85길 56
fc79d4b6-e995-4c74-bb03-3b5170a96739,조민준,Female,37,1988-07-25,부산 수영구 75길 18
bcb0251e-a453-4b9e-bc73-011ba437a73e,임민수,Male,26,1999-10-13,경기 화성시 51길 23
bc04d04a-4dde-4b4f-b7ca-88b2906e673c,서현우,Female,32,1993-08-15,경기 화성시 28로 62
9ee23ce2-2e10-4dc8-b1ae-60274a6e868f,조준호,Male,27,1998-10-27,경기 동두천시 50로 22
1d4af9f8-f531-47cb-8aaf-196587f7ac9e,강우성,Male,28,1997-07-12,경기 안양시 72길 30
0cbfad07-5354-435d-8b6a-1efeaa15fb4e,서준호,Female,37,1988-07-02,서울 영등포구 31로 67
8808c8b6-11eb-40ee-b7bf-75a297bcab95,김우성,Male,24,2001-04-12,부산 동래구 50로 76
313f8792-c408-44e5-9ea1-0a3c3427adcd,윤민준,Male,28,1997-05-15,경기 의정부시 38로 65
5578a72a-49e2-4cca-8087-a037ad586656,강민수,Male,32,1993-05-07,서울 강동구 15로 40
452ab8ee-a2f7-4237-9796-0249690fa6f1,조준호,Female,36,1989-10-12,서울 강서구 73길 46
6d04fcd4-0607-402f-972e-b3a4ed56b49c,조서현,Female,40,1985-02-12,경기 하남시 93길 88
10ea311e-c72b-4254-b1fa-6dbd9c3426b0,임민준,Female,26,1999-10-08,부산 강서구 83길 50
744d8ad6-46a1-47dd-a56c-1d50704ab753,서서준,Male,27,1998-09-22,서울 관악구 50로 63
5cf7097d-b01e-403f-b993-7ebe2f16685c,윤재원,Male,32,1993-04-26,부산 사하구 18로 25
9e59c643-3c90-4c42-ade0-91d125c47266,최서현,Female,25,2000-11-19,경기 광주시 85길 39
fe3c253a-6555-4360-9db8-b4a96f11049e,임지민,Male,25,2000-04-17,부산 남구 56길 21
a57b454a-de7e-424c-9860-05c59ed8ac92,강민재,Female,39,1986-08-31,서울 노원구 91길 50
ddc45ab5-9b2b-4b83-980c-ffeaa569c88e,최재원,Female,38,1987-07-28,부산 강서구 57길 35
6fb03359-36fb-4ce6-b56c-3af12a9c94bb,정서현,Male,30,1995-05-06,경기 의정부시 52길 56
a33ac893-e001-4652-a0d5-267098139ffc,임서현,Male,32,1993-03-22,서울 성동구 17로 71
bc2c1786-de6c-4f46-a10e-35d92ebe057e,강서현,Female,37,1988-01-08,부산 북구 88길 39
562db39a-0f59-4621-bc8f-aebafc7601a5,최재원,Male,21,2004-09-14,서울 동작구 36로 25
4bf7c147-c8af-4db4-8ca0-49cfd87c7ed5,임민준,Female,21,2004-02-20,부산 영도구 57길 10
5ef6ce4f-53da-49d7-9a8b-c0fd93d8216f,이현우,Male,28,1997-04-08,경기 하남시 81길 21
e299e91d-caee-4604-a05b-990923e707cc,김서준,Male,27,1998-05-21,서울 도봉구 45로 71
a0b12ef0-1c83-4dae-993d-eab60a2c8ad4,김지민,Male,21,2004-09-21,경기 광명시 15로 73
9c55b4f2-4087-467a-ae9f-e474d1e5de78,임서준,Female,26,1999-03-05,경기 김포시 53길 43
622b8d11-eed3-4f63-b0c8-355304abef0f,서민재,Female,26,1999-06-14,서울 구로구 81길 89
1e531138-d2fb-4da7-a68e-e523b0b07a1f,윤재원,Male,25,2000-07-09,경기 용인시 63길 50
b7e24cc1-48bc-4575-9471-ab25c6c1206f,정준호,Female,24,2001-04-23,경기 오산시 71길 97
cf8cc3ec-2a6d-4ce4-b9e3-05d8f1a99dc3,최서현,Female,34,1991-04-03,서울 양천구 64길 32
f20f4e48-4d8b-44e4-b403-c2724e7283d5,최민수,Female,23,2002-01-13,경기 안성시 83길 52
4ce84eaa-ff19-4921-af1f-1bb1a742f13b,김민수,Female,27,1998-02-26,경기 시흥시 63길 56
a973b89f-b136-4d84-82da-80d9b4b618c5,박민준,Male,34,1991-08-29,서울 금천구 51길 88
b6ea20c2-5d81-43c0-bcea-531a35af0ba7,박지민,Female,28,1997-12-23,경기 동두천시 93길 57
6246a6fa-856a-46a1-a1e3-11058e66af56,박민준,Female,29,1996-05-06,경기 동두천시 11로 60
6195768d-aa39-43f8-bd1f-fc8c702acea5,임민수,Female,30,1995-06-10,경기 고양시 46로 87
25e4fee5-57b8-410c-a9e3-99f90d5ab7b3,정서준,Male,33,1992-01-07,서울 관악구 41로 21
51459e64-9093-4a34-b8f4-8c5cadfae482,조우성,Male,35,1990-11-21,경기 고양시 40로 78
6b5e6aef-5a0d-48ab-96c6-73f4aeaf48fe,정우성,Female,30,1995-01-04,경기 평택시 92길 48
4d59d6eb-6f6e-4fe4-9d7c-01411cb86f29,조민수,Male,39,1986-03-18,경기 안성시 85길 44
49192d08-adc6-438d-8ab0-05b730a470cb,조지민,Male,27,1998-10-08,부산 영도구 49로 53
b5eed6a4-7e0f-4ee8-be23-36580134ffce,김민준,Male,39,1986-06-11,서울 금천구 10로 42
74f1ec08-279c-4d25-9200-ec721f035f9a,김재원,Female,39,1986-09-04,서울 관악구 62길 88
a3850545-c518-4034-9e54-e52caa9af9e9,강지민,Female,21,2004-08-03,경기 평택시 36로 19
30b5b8ae-108c-49f7-b767-08816597a452,정민재,Male,26,1999-05-15,부산 수영구 70길 53
a10df747-8c1d-492a-8aa3-972495018bdc,최우성,Male,21,2004-01-11,경기 이천시 77길 70
5cb2ed5a-957e-4c4a-a468-16237ddf4d88,윤민재,Female,21,2004-01-09,부산 영도구 40로 93
bb19e4e0-f7a6-4afd-a0ff-92cd7c6dce6c,최준호,Female,22,2003-08-01,경기 오산시 53길 54
55a74251-ebff-450b-a8b2-a7d725c7e7ab,김현우,Male,26,1999-11-04,서울 강동구 79길 11
b5b6dfb6-bd85-4e76-836f-92d7909ee141,정지민,Male,36,1989-11-09,서울 강서구 46로 72
a0570622-0c8a-4932-8220-9dd5f4450970,조준호,Male,37,1988-01-12,서울 중랑구 78길 17
4282b563-154c-4462-98fa-6f03feb31761,최지민,Female,23,2002-07-08,부산 중구 81길 83
fdc59377-7967-424a-92ba-622924cbceb2,박재원,Male,32,1993-04-30,서울 성북구 14로 39
3d3db123-83f6-422a-9708-5c063c1e1d24,박서준,Female,32,1993-01-15,서울 서대문구 38로 71
b420ddc6-700a-4794-8a09-25ea7f7007f2,임현우,Female,39,1986-08-04,서울 용산구 89길 44
7b743f30-e5ac-4128-8853-9a64b73d25c7,이민재,Female,29,1996-11-25,부산 기장군 92길 81
022cd782-e5e3-43a4-87b8-5d5c01d11392,정재원,Male,30,1995-10-08,경기 이천시 49로 62
9f3dd091-ca41-4bdc-ab52-3ca53137ac81,윤재원,Male,36,1989-08-24,부산 북구 87길 77
6086b5c3-1ef7-4701-af56-0496d0db7c86,임서현,Female,30,1995-10-29,서울 동대문구 40로 65
1134ee96-6e85-4d6a-bc99-5406e68ab958,강재원,Female,21,2004-02-03,경기 안산시 17로 38
26f2846c-f9ba-49d6-8b08-9f8331b30296,최우성,Female,29,1996-02-13,부산 서구 42로 77
b7be5556-a387-4db7-8674-8222a1359a85,서민재,Female,24,2001-11-15,서울 노원구 15로 37
cab0db19-6d80-4913-8f97-ab594276d6c0,최지민,Female,34,1991-08-25,서울 금천구 36로 30
e6d8f0f8-23ea-4c01-80ee-4722658152a2,김현우,Male,24,2001-02-22,부산 사상구 26로 15
b5ee0cff-21aa-4b67-b324-92f1bf329a91,임준호,Female,27,1998-06-21,경기 과천시 46로 32
d731e623-e910-4dc9-a22b-a635bc4d3fc0,임재원,Female,29,1996-02-16,부산 해운대구 24로 41
1591e2b8-d028-46c1-9117-16b18cecbf05,강서현,Female,37,1988-04-01,서울 은평구 58길 15
53cc2c6f-3009-4e91-ab7a-dc4b031f04ed,최민재,Female,33,1992-03-03,부산 금정구 68길 32
2d6faba2-fcb6-4935-81d9-4aeab965ed8c,최준호,Female,40,1985-02-05,경기 의왕시 82길 58
1d06b733-767e-4dde-8bd4-6ab13e693632,정민준,Female,36,1989-05-16,경기 의왕시 15로 50
d60ea5dc-310d-43df-a659-1ead424804b0,이우성,Female,24,2001-07-09,부산 강서구 70길 81
63c86e98-0699-4399-b1fc-ff98e91a92a3,이재원,Female,22,2003-07-22,서울 강남구 66길 22
be2bc39d-5ffc-4784-ab55-673ef28fa801,서재원,Female,23,2002-04-09,서울 관악구 71길 87
756cbf50-f979-4ae9-bed7-67cfd5a58313,최민수,Male,39,1986-11-29,부산 해운대구 94길 24
3da1d051-9e34-422e-a406-d62973c40b13,김민수,Female,33,1992-02-23,서울 영등포구 44로 60
d7e5c3f9-3f43-484c-954b-35f765865653,김현우,Male,24,2001-04-20,부산 부산진구 95길 54
b2a231be-d0eb-4eed-a1d2-812684cc24db,조서현,Female,27,1998-08-15,서울 서대문구 51길 44
365858ab-122a-44bd-826d-23a91c80a4cc,김우성,Female,24,2001-08-23,부산 영도구 75길 63
2fa45c41-0573-4358-b01f-fa66c50a4f86,최서현,Male,35,1990-04-11,부산 연제구 87길 17
83037a01-dcfa-428a-a3e1-6f537153998c,윤현우,Male,40,1985-10-07,서울 광진구 35로 74
7466df38-7730-4880-99b3-a4814e7ec81d,이서준,Male,40,1985-08-19,경기 안산시 84길 49
02faf63f-fc7c-4046-a920-095203fab139,윤준호,Male,38,1987-05-18,부산 연제구 63길 75
39d25fa8-936f-4629-afcd-a0243565095d,강민수,Male,28,1997-08-07,서울 종로구 98길 67
a14342c4-e7dd-493b-a0cf-057138e956d2,최서준,Female,31,1994-08-04,부산 기장군 16로 56
5da54a35-5db7-438c-8377-e9013d785ec6,박서현,Female,24,2001-03-05,부산 동구 20로 82
7a5ecd67-0549-41f0-8e77-c1dd860c0063,윤서현,Male,36,1989-05-04,부산 동구 41로 82
23573744-8724-49ed-a7a1-695905ebba49,윤현우,Female,38,1987-04-27,경기 남양주시 17로 22
9c883dfe-ed4d-4eaa-ba1b-c70a57dd0f91,김준호,Male,39,1986-08-11,서울 강서구 35로 16
226899c9-3742-4529-a930-3988069533c7,임현우,Female,39,1986-09-30,서울 영등포구 49로 39
97b9ff14-c97c-4bd4-a92d-194e422e1340,강민재,Male,29,1996-01-26,서울 노원구 25로 33
0217708d-3ef9-4c96-9537-6a673ab157a0,김준호,Female,35,1990-08-06,서울 도봉구 68길 58
3441786a-e161-44cf-9aa4-6039812c320a,박서준,Female,22,2003-07-10,부산 강서구 43로 43
1c1d0ab5-9399-4dcf-a3f0-d7c4e7b2c616,이서준,Female,37,1988-01-23,경기 고양시 71길 15
85dfac2e-02be-404f-90d1-68d8da0c6e41,조재원,Female,31,1994-02-17,경기 김포시 48로 13
c52cc21e-1f0e-4623-8978-f6c8c38be27d,조준호,Female,30,1995-07-13,부산 영도구 11로 63
15f3661b-7d74-4db6-80fe-0f8b8addbcb9,정민수,Male,31,1994-10-02,서울 강남구 48로 34
94f29bdb-dbfa-46a8-a966-4ff7e4ef7168,이민재,Male,35,1990-10-24,경기 화성시 69길 26
a1141453-3bf1-4d15-8c4d-328c2471bcd4,강우성,Male,31,1994-08-27,부산 동래구 85길 35
91c74b2b-3fa7-45c9-a2a8-2e35eb2f52bb,임현우,Male,36,1989-09-08,서울 동작구 41로 60
19aae86c-2eca-41cb-9057-1189b37f49d4,강민재,Female,39,1986-05-26,경기 이천시 57길 44
bf327441-d1f6-4197-82aa-6b161355c34f,최현우,Male,29,1996-03-22,서울 중랑구 47로 55
b24af19b-7956-4d70-b72b-557e21ee097c,서준호,Female,22,2003-01-05,서울 마포구 70길 78
09355875-80d8-4dcf-9cbd-fed272be61a3,박민수,Female,25,2000-10-25,서울 용산구 67길 51
30897c32-9382-4725-bacf-df72eef48cfd,서민재,Male,36,1989-08-31,경기 부천시 67길 12
37c63a4c-4187-41f6-b7a0-446fd74a3493,박우성,Female,36,1989-10-11,부산 금정구 10로 84
1580e926-7c6e-431c-a503-6ad2b3d0c2f9,조민수,Male,35,1990-07-13,부산 북구 41로 91
eb51631d-3b3d-43ad-8a47-d10859e4288c,강재원,Male,35,1990-03-04,경기 광주시 25로 73
7f309d31-694b-4c2a-b368-f78b07dd02a0,임서준,Male,32,1993-04-27,경기 오산시 74길 51
8cd7b90d-1c78-4db9-83a2-9b67d76b7d81,정준호,Female,36,1989-01-09,서울 관악구 41로 80
5b27157f-5239-44ad-8d25-40cf2deb9951,최현우,Female,23,2002-04-20,서울 강서구 17로 25
dd7f5f15-9dad-4c25-85d5-98ba90fbf45c,서민준,Male,27,1998-08-15,경기 광명시 89길 24
a684a7c8-8695-4fd1-85ee-b99b536745e7,박우성,Female,32,1993-01-11,서울 금천구 89길 79
e30ae753-461b-4bf0-9df2-4acb7a91d74a,박민수,Male,24,2001-09-28,서울 양천구 75길 43
8b855843-63da-4bbb-adb8-bae23a00b9f3,최민준,Male,39,1986-10-20,서울 종로구 65길 23
6fe3b83f-786b-4d4f-b533-489a655f46f0,윤준호,Female,23,2002-11-22,서울 중구 71길 18
47a2352b-4ad0-4a54-9ec4-15f5dc189314,정현우,Male,25,2000-12-29,경기 군포시 89길 50
0df377c1-62ea-4265-9d76-82556db9bb73,서준호,Female,26,1999-10-30,부산 강서구 55길 45
4d003f86-1a87-45a4-9a24-a4fa7552ab60,최우성,Female,22,2003-11-06,경기 안성시 13로 23
8a876d59-2416-4ca3-abea-28cbdb5c54b8,이지민,Male,27,1998-05-18,서울 중랑구 50로 55
a7f54898-38ec-4c42-8b31-67f130a4c371,최준호,Male,39,1986-02-08,부산 수영구 77길 14
1cb360ad-2572-4d8d-943e-a06e5c0a0269,김지민,Female,29,1996-02-09,서울 강동구 95길 75
eccd2463-14b9-4fd1-a3ed-7ad2e408c555,조민재,Male,36,1989-10-22,경기 양주시 42로 70
a2a43d5a-888b-4351-8f77-05fac47bd68b,윤준호,Male,33,1992-02-02,부산 영도구 87길 78
8b3806de-e323-4fda-9218-6971295c51d9,강현우,Female,22,2003-10-22,부산 금정구 50로 38
5980d78b-ca95-4cd9-b100-d6a2cd12d8e3,최서준,Male,27,1998-03-25,서울 강남구 96길 81
7a5a3b59-f51f-4e13-9df3-75649876132d,김지민,Male,21,2004-05-09,부산 북구 84길 58
b2a091ee-0697-4ccc-a899-f4227613146b,이준호,Female,26,1999-07-03,부산 남구 49로 43
06576e50-ad18-49ec-83cb-dffea74b75ce,임서준,Female,39,1986-03-31,부산 중구 40로 82
10cc44cc-54fc-499d-9a5d-526f25910158,정민재,Male,23,2002-01-23,부산 금정구 77길 94
86da8520-3999-4914-919e-3f31213c8582,서재원,Female,27,1998-07-21,부산 금정구 57길 37
d6891fd6-e5c8-4fc7-aad8-f40a9619a84c,김우성,Male,38,1987-12-01,부산 사하구 85길 51
da1ac21d-94cd-427c-b543-22cd782e9d08,김우성,Female,27,1998-11-20,서울 중랑구 98길 83
ab1a50ec-2954-459f-9a6d-882ab0cf2e42,임준호,Female,24,2001-07-30,서울 금천구 42로 75
167b7531-ee49-4596-90ea-9ec88f7616cb,김지민,Male,23,2002-09-27,부산 남구 60길 21
cb5d326e-e881-464e-b7d1-088ac5f1040e,강민수,Female,39,1986-02-24,부산 북구 91길 60
3d323630-ab1f-43bd-ae78-b5be7fb0d5f6,서서현,Female,25,2000-08-14,경기 고양시 15로 40
834a32c3-f2e2-4c40-b560-556962a6a1c1,박준호,Female,33,1992-01-19,경기 여주시 88길 85
516cca14-09cb-46fe-b0b1-8b2d6331b827,정재원,Female,30,1995-09-11,부산 동구 83길 84
d2d1d54b-9767-462a-9549-ba12a5adc88e,정서준,Male,37,1988-09-24,서울 은평구 24로 60
637ec0c3-3ede-46c2-b4b9-ca89ba5ad1ab,정서준,Male,29,1996-02-24,서울 금천구 20로 99
df1af0dd-bea6-40cf-b374-22a67d24742b,박재원,Female,40,1985-07-09,서울 성동구 29로 81
9d3af38b-318e-4a52-91f9-ecd4546eac9f,김서현,Male,23,2002-09-05,부산 사상구 18로 16
b6a2ee14-c9c9-423c-aa9d-4e7231efcde9,김민준,Female,29,1996-09-11,부산 강서구 21로 98
5645f6a3-1f04-44df-8a1a-6059b69fcc13,최민재,Male,28,1997-05-02,서울 성동구 80길 87
8f5bd5ee-3153-42b1-8ea3-10dfb79a3379,서서준,Female,33,1992-05-17,경기 안성시 56길 67
c36e494b-fd46-4fc6-8caf-4c92dfb6d5f1,정지민,Female,39,1986-09-13,서울 영등포구 92길 90
51f3231b-b5a6-4b0f-b1ee-47c3ebaeaad8,조민재,Male,37,1988-01-11,서울 송파구 32로 41
038dbaa7-f2fb-4a10-980f-653bb66a491b,윤재원,Female,24,2001-12-24,서울 동대문구 35로 88
104c3e9d-cf3f-4fe9-a0d6-e1ba8ef733b1,정우성,Female,27,1998-02-25,서울 송파구 99길 97
2b3573c2-6119-48a3-bd4c-616c8bc2c84f,조서준,Male,22,2003-09-06,경기 시흥시 14로 20
22bb4a48-967e-44e8-ae08-178db03ef14f,강민재,Male,23,2002-06-30,부산 중구 39로 88
4f4c7e4e-4d5d-43c9-8768-bf3fa6043b73,조현우,Male,22,2003-10-26,서울 양천구 64길 56
f8df7c9b-ad70-46f9-9e45-887422086882,윤준호,Male,28,1997-09-04,부산 부산진구 37로 65
f9043124-5e1c-4020-992c-6d15055bfde2,서우성,Male,36,1989-05-23,부산 북구 47로 93
2488ff02-b5a8-4b11-ab4b-940ad9beb2ac,박준호,Female,27,1998-06-05,부산 동래구 41로 76
b590b85a-b25a-40e2-b36c-6a82a4ca9956,서지민,Male,32,1993-01-14,서울 구로구 52길 77
ba62dbe3-2244-4c23-9e2f-3df4849d0bfb,이서현,Male,28,1997-07-08,경기 구리시 50로 17
756c3c69-92de-47de-8bc5-e73ffd2a96c7,윤민수,Female,38,1987-11-16,서울 송파구 63길 18
d81099d8-5922-40b9-9655-ab6304c7ce64,윤재원,Female,28,1997-09-17,부산 부산진구 22로 15
fe95b4f3-4871-4696-addf-bab8a791f968,김민재,Female,33,1992-03-04,서울 성북구 63길 60
63cb1158-3510-4045-975a-c2a0c72f0cb6,정현우,Male,28,1997-09-28,경기 안양시 47로 48
0486a988-247b-4dc2-8822-9307c5acf431,이서준,Male,38,1987-04-22,부산 사상구 83길 15
20ff2e57-60d0-4bb3-9ab8-d68fcec80ec0,윤현우,Female,32,1993-07-28,서울 동대문구 98길 34
17be7d75-a074-413f-95bf-27d57c4ea059,김우성,Male,33,1992-05-06,경기 남양주시 87길 30
6894c098-82a7-4cc6-97c9-de41dbd23dbc,정현우,Female,34,1991-06-02,서울 광진구 64길 29
07d39b79-af59-4bda-bf17-cb80fd263802,정준호,Male,37,1988-03-09,부산 금정구 82길 60
da817051-163c-4acf-9500-d5c6a60b9668,이지민,Female,25,2000-07-07,경기 김포시 85길 35
4680f65c-33e0-45c2-a288-84e15b2ea3f3,임서현,Male,39,1986-01-25,부산 부산진구 72길 26
bc8d3657-6fae-496d-af4f-daab5efdaf93,윤민재,Male,31,1994-12-19,부산 사상구 53길 57
88e0ff99-1567-4694-9dfe-6e1677a1d8f3,최서현,Male,40,1985-11-27,부산 금정구 84길 38
e4d33820-9e90-4a91-90b6-f8b35988aab5,최민준,Male,37,1988-12-07,부산 남구 81길 29
92e372a7-fc4e-4f43-97e2-05d33e08c6bf,정준호,Female,40,1985-04-12,경기 남양주시 68길 55
7d6d6eeb-f4cb-472c-ae24-a09764ca5b59,임지민,Male,33,1992-03-01,부산 북구 98길 48
e687be9f-8d82-423a-8254-dc637b8e5e53,조우성,Male,32,1993-04-20,서울 강남구 11로 82
21eef30f-0141-412c-b12f-5228f47d5805,정민수,Male,21,2004-08-21,서울 용산구 69길 15
4b734c1b-c62a-4225-ba87-5e84c85d3522,김민재,Female,27,1998-08-06,서울 동대문구 97길 10
426995cb-1eaa-4c3a-ac0c-c90a2e466031,박서현,Female,39,1986-05-12,서울 동대문구 33로 50
5c987cf9-e87b-44e6-b01e-c9c59bfddc0b,박민준,Male,24,2001-01-13,서울 성북구 97길 57
f84ea708-0e51-40d2-a3bf-8bd74a107426,김준호,Female,36,1989-11-12,부산 남구 71길 67
04d716d8-86e2-4847-8d99-3cd8b2b8d8b7,강현우,Male,31,1994-09-04,경기 구리시 46로 93
47ff307c-6ed1-4fcf-adda-cba15667b2a8,강서준,Male,33,1992-05-31,경기 안산시 79길 98
f5f7edda-c49e-402e-b9d3-95d5eb632405,서민준,Male,38,1987-09-18,부산 기장군 96길 25
71fa9da2-6d2a-4bd2-bd15-b5a15a2a7dec,김민수,Male,21,2004-06-09,부산 사상구 13로 47
ae4dca48-a453-4cdb-946d-9475e7e362c1,박현우,Female,25,2000-02-13,부산 사상구 43로 85
a715df37-b1cf-45d9-b4ea-3ef38e72ddb9,최민재,Male,37,1988-12-30,부산 사상구 38로 35
f613df88-faf7-4d03-a344-6e21a198eb9e,정서준,Male,40,1985-07-03,부산 남구 86길 79
c1876f42-0220-4c0a-84d2-293342ae190f,정민수,Female,22,2003-04-24,경기 군포시 44로 87
15b5480e-b6dc-4185-94d9-94ddbe51e6da,윤현우,Female,23,2002-12-19,부산 영도구 76길 81
e1d7ddbe-38eb-4d70-8d41-75e05cf06404,박우성,Male,35,1990-09-15,서울 마포구 97길 90
ebc346ed-b19a-4efa-884a-41df6a32bc21,최민수,Female,32,1993-09-21,부산 연제구 25로 27
0a581a99-d35e-4533-ace4-5666be6b7416,이서현,Male,31,1994-02-25,부산 북구 46로 49
bac1373c-9495-4cee-9724-1333e8ef51c3,임서현,Female,27,1998-06-05,서울 영등포구 86길 24
6fd82cb6-2455-4f4c-bc58-37259d52efa8,윤지민,Male,28,1997-05-22,경기 광명시 73길 79
69b487f1-208b-4ae4-a409-51f48c109d62,서서준,Male,21,2004-12-14,부산 동래구 90길 13
009795eb-227f-4fc4-b753-6abe9574829a,서민준,Male,27,1998-12-12,서울 강서구 33로 77
ed19e0c9-78e5-437a-b257-1af1269022a4,강서준,Male,33,1992-05-01,부산 수영구 96길 74
574212fc-89b9-4b19-bdd3-73b160dcd078,강민수,Female,25,2000-02-19,부산 금정구 37로 72
4074815d-8bca-416e-b3e0-7755322574ec,박우성,Female,22,2003-12-16,경기 양주시 82길 90
ff7a4644-fe85-4e3f-ac59-4bc7f0cfbeee,박민준,Female,38,1987-06-27,부산 사상구 73길 37
6b660591-1969-4b66-a8b3-b45d581c8a33,서현우,Female,35,1990-10-11,서울 은평구 73길 80
ac7f14f4-ef07-445a-8cbe-a8a8309bd439,이민준,Female,23,2002-10-29,부산 사상구 47로 54
bdc1e18c-be6e-4652-be13-31e1a36dff6b,서준호,Female,29,1996-02-09,서울 광진구 10로 96
4b3e03e3-cd72-4096-8b95-585af2bbd99c,서재원,Female,36,1989-08-02,경기 과천시 49로 22
c5994656-9f9c-4b70-a84e-a53656f7b65c,윤현우,Male,24,2001-06-12,서울 노원구 50로 41
e3f10a27-5160-4bc7-871d-b2ca00d219cf,정서현,Female,32,1993-03-09,경기 안산시 37로 51
29167894-4a14-443d-951e-b5115013f195,최서준,Male,32,1993-05-25,경기 평택시 48로 46
32637a68-5230-49f0-97f3-759617c3b057,임재원,Male,40,1985-10-24,경기 수원시 37로 58
1d7a88b4-0ad6-4f12-b6ac-5eaa0b2f5f3a,이준호,Female,34,1991-10-30,서울 동작구 65길 72
12610920-9190-4c16-9a2c-cee3ae65ed5f,정민준,Female,36,1989-07-02,부산 사하구 78길 22
50f4e2b3-bff4-4403-bc20-116e4a8cd456,강서준,Female,27,1998-08-09,경기 오산시 80길 67
03a182f0-f92d-43e2-a9cd-9aebc0c9f960,김지민,Male,24,2001-01-21,경기 안양시 77길 38
3b572b7e-ee8a-461a-be75-adbc7bf1670f,조민수,Male,39,1986-07-29,경기 의왕시 39로 31
153c797c-bdc9-4871-9369-3841fa235c38,최지민,Male,27,1998-02-17,서울 강서구 87길 96
7a21faea-e9b5-482a-a4a0-ba763dfdd87b,임민수,Female,27,1998-11-07,경기 동두천시 11로 58
dd9777d6-ff92-47b3-bdd7-27a8aa18c29c,이서현,Female,27,1998-11-16,경기 안성시 46로 68
599d0434-6308-4661-b604-14bb91e46dfa,임우성,Female,33,1992-05-31,경기 오산시 88길 61
040faef4-2ba9-4c83-b6dd-c2530482ee1e,박민재,Male,23,2002-06-11,경기 포천시 34로 70
61c18f32-1caa-42de-8c2c-dca5e572f242,박민재,Female,22,2003-10-26,서울 강동구 68길 75
38c4daea-4522-48ce-bbff-fc696623c1fe,윤재원,Male,29,1996-09-12,경기 수원시 51길 66
b91358d8-e692-444c-bff8-78c6600e073d,김준호,Female,30,1995-07-06,경기 고양시 42로 96
1273674a-80a6-4561-b7a8-e6072d2734bc,김현우,Male,36,1989-07-27,부산 해운대구 47로 86
417567f4-6991-4335-84d5-903e2ac0dc87,조서현,Male,34,1991-10-28,부산 수영구 33로 63
76097cfe-a5f9-4c44-a222-d3824aea50c4,이지민,Male,33,1992-05-06,부산 기장군 79길 11
3de26d0a-230e-4b6a-98fd-60d7988834d4,이서준,Female,32,1993-04-12,부산 동구 83길 57
b5621ca9-4e42-4180-a88c-ac85aecaf6b3,서민준,Male,22,2003-11-24,경기 의정부시 45로 69
4dd7cbd6-365d-4c58-9bb2-4fbff33aa24c,강현우,Male,33,1992-10-02,서울 서대문구 64길 28
d1b8bf1c-44c5-4efe-bf42-0250f236111e,강민수,Female,34,1991-10-11,경기 화성시 51길 30
f473a566-9672-4f77-9147-885a174fdb72,강서현,Female,35,1990-03-21,경기 양주시 22로 50
32dd6864-10a6-418c-9310-0f238c500fe3,박재원,Male,24,2001-09-28,부산 사하구 14로 81
403e5f56-9f6c-43dc-bc0b-2009bf7ad50e,서서준,Female,35,1990-12-16,부산 중구 18로 24
53ce2305-f35f-4056-9253-76c1b84c7739,박서준,Female,30,1995-02-07,부산 기장군 36로 99
9c18205a-b2aa-4274-b810-8e33c2625012,정우성,Male,35,1990-02-26,부산 중구 84길 21
aeedf80c-6a06-4b61-a0af-9d28984d0f85,조지민,Female,30,1995-03-03,서울 노원구 60길 40
b4ecc41f-beab-48fd-8692-6d50f767bb2f,이민수,Female,39,1986-11-11,서울 송파구 44로 18
25d47ce5-ae4e-4337-93d2-3a158c9f0454,최준호,Male,29,1996-08-03,서울 금천구 35로 35
d4d126d3-1cac-4d52-836c-344132e2d407,서서준,Male,30,1995-11-08,경기 김포시 31로 92
de91e55d-3baa-4cee-9b2a-54338a88dbc3,조민준,Male,21,2004-06-30,경기 군포시 58길 26
0ad0f9fa-68b0-4475-b48b-7e3026fc4d95,윤민수,Female,36,1989-09-06,부산 부산진구 56길 20
7800a069-0b98-4cf1-8b44-862e0c70bc42,김재원,Male,35,1990-02-17,경기 안산시 71길 68
d5ac2e23-dae0-405e-b33d-1cd4b0e94986,최서준,Male,22,2003-06-05,부산 중구 37로 97
6ef6fbf2-088a-4bc6-aa07-fcf4287bc1c0,윤재원,Male,26,1999-06-07,서울 용산구 93길 51
a9bd5518-8fd4-452a-9857-055d6a1d41f7,임서준,Male,40,1985-02-27,경기 광명시 40로 29
c8768255-a9d6-436e-b9af-87327f805bd8,박민준,Female,24,2001-09-17,부산 남구 88길 52
4ce58312-522d-455e-9177-5e19aa007870,조재원,Female,38,1987-01-28,서울 영등포구 98길 20
2dc9c6b4-2a2d-4de1-9621-990d7febfa31,조준호,Male,27,1998-11-27,서울 노원구 63길 19
50fef0d3-7b60-4185-bd41-4a6d707a069f,강재원,Female,39,1986-04-25,경기 안양시 49로 19
3272c724-48f7-4a9b-8b26-a5d7f812f0eb,김재원,Male,39,1986-12-09,경기 부천시 11로 31
1d622eab-cb8e-4b34-bea3-f877ee18f414,서민수,Male,29,1996-07-02,경기 시흥시 69길 28
515fad22-fe9c-490c-aeb0-97ce854999f8,서현우,Female,29,1996-11-20,경기 고양시 44로 97
985a75bc-3c34-4a30-a7cc-2f0d1768d64a,임민재,Male,34,1991-06-03,경기 의정부시 89길 83
e065a237-98f7-4d15-88d2-c85d5d6ec53a,김서준,Male,22,2003-07-12,부산 동구 75길 86
1b31871e-82f1-407c-825a-4b609ab39d3c,박서현,Male,37,1988-04-24,부산 기장군 26로 11
7f2c0fab-c05b-4ff0-970a-dadf5be1efa8,정우성,Male,39,1986-01-29,서울 영등포구 30로 47
4b012bc4-77ae-4b28-9aa5-1caa5ff7a2b7,윤재원,Male,26,1999-11-10,경기 동두천시 38로 69
36214228-3bc3-416e-9104-0b4933a1a70c,조준호,Female,23,2002-09-20,서울 노원구 13로 53
ac7a965b-cc66-45a6-9250-b2d6dd693153,임지민,Male,27,1998-03-12,부산 사상구 23로 31
5b8b9554-a085-4d62-abbc-c227dd798280,정민수,Male,27,1998-11-17,부산 사하구 27로 33
36fae02b-42ea-43f1-94e5-33082673b4f8,윤우성,Female,39,1986-03-13,경기 광주시 80길 86
909aa01d-3301-4962-86e7-16b97f02bc1e,김준호,Female,36,1989-08-11,경기 고양시 41로 68
a92df9da-bfd7-4f2d-9892-c896fc661e1d,이서준,Male,38,1987-04-08,경기 성남시 50로 32
12c9152c-569e-4564-9d76-32ddda399820,임민준,Female,24,2001-10-19,서울 동대문구 24로 75
f1797374-b5e9-4854-b4a0-8a4db90e6e8a,김지민,Male,29,1996-01-26,서울 강북구 52길 73
79009cde-51f8-4bc7-b144-ec870e634114,정서현,Female,39,1986-12-29,서울 마포구 25로 64
5a40a264-235c-41ab-85ac-13beeb551301,윤우성,Female,24,2001-02-20,서울 도봉구 69길 36
14cb7db3-69d1-4d79-a11d-379d6550e873,최민수,Female,27,1998-04-30,경기 안양시 75길 99
2ce42744-a8a3-426c-946d-95b0904eaaea,최준호,Female,38,1987-11-26,경기 평택시 89길 52
1485cef2-47f2-49d6-8df8-4772813664f5,윤우성,Female,38,1987-03-23,경기 안산시 61길 95
bd7368df-d7de-4630-9e6b-75a304fe5d87,최준호,Female,38,1987-01-31,경기 이천시 42로 51
c4461b16-1783-496c-b982-7ac63bc63cf0,윤민재,Male,25,2000-11-09,서울 강동구 63길 75
708aae0b-dfe5-4861-b9ab-f8ea153afeab,정민재,Female,22,2003-03-26,부산 수영구 21로 72
835d2433-79e8-406e-aa4f-f01a8e8a5652,강민재,Male,39,1986-06-26,서울 성북구 13로 58
1f7c9e1f-f74b-45eb-b2c7-4e6253bbe809,정준호,Male,31,1994-09-07,경기 용인시 76길 36
10381d0d-2a55-499c-8563-682218b4744b,김현우,Male,32,1993-07-26,부산 기장군 43로 78
49b6d374-e5d2-48f8-b335-7550a0fc8db3,박현우,Male,25,2000-10-04,서울 강북구 28로 44
51e83f2e-43c7-4465-bad9-06bf8c736ce8,김현우,Female,37,1988-05-20,경기 구리시 88길 43
ff5400b6-3ba6-48fd-bee6-200c4d6805b0,이민재,Male,27,1998-01-19,서울 은평구 41로 26
